protein	cancers	mean_simp_change	num_cancers
ATP6V1E1	colon_hnscc_lscc_luad	-1.0	4
CNOT8	brca_lscc_luad		3
ATP6V1H	colon_lscc_luad	-1.0	3
AGO2	colon_lscc	1.0	2
ATP6V1D	colon_lscc	-1.0	2
COQ8A	colon_lscc	1.0	2
CRELD2	colon_lscc	-1.0	2
CSNK2A2	colon_lscc	1.0	2
DNAJC19	colon_lscc	1.0	2
FNDC3A	colon_lscc	-1.0	2
MRE11	colon_lscc	1.0	2
NUCB2	colon_lscc	-1.0	2
ATP6V1A	colon_luad	-1.0	2
CDKN2C	hnscc_lscc	-1.0	2
SLIT3	hnscc_lscc	-1.0	2
ATP6V1G1	lscc_luad	-1.0	2
ELOB	lscc_luad	1.0	2
ISG20	lscc_luad	-1.0	2
MTMR6	lscc_luad	-1.0	2
PLCL2	lscc_luad	-1.0	2
PPIB	lscc_luad	-1.0	2
RCC1	lscc_luad	1.0	2
SELP	lscc_luad	-1.0	2
STK4	lscc_luad	-1.0	2
DICER1	colon	-1.0	1
LAMP1	colon	1.0	1
NDUFAF2	colon	1.0	1
RABGAP1	colon	1.0	1
A2M	lscc	-1.0	1
AAAS	lscc	1.0	1
AAGAB	lscc	1.0	1
AAR2	lscc	1.0	1
AARS2	lscc	1.0	1
AATF	lscc	1.0	1
AATK	lscc	-1.0	1
ABCA1	lscc	-1.0	1
ABCA3	lscc	-1.0	1
ABCA6	lscc	-1.0	1
ABCA8	lscc	-1.0	1
ABCB1	lscc	-1.0	1
ABCB6	lscc	1.0	1
ABCC1	lscc	1.0	1
ABCC5	lscc	1.0	1
ABCD1	lscc	-1.0	1
ABCF1	lscc	1.0	1
ABCF3	lscc	1.0	1
ABHD11	lscc	1.0	1
ABHD14B	lscc	-1.0	1
ABHD6	lscc	-1.0	1
ABI3	lscc	-1.0	1
ABITRAM	lscc		1
ABT1	lscc	1.0	1
AC118549.1	lscc	1.0	1
ACAA1	lscc	-1.0	1
ACAD9	lscc	1.0	1
ACADM	lscc	-1.0	1
ACAP1	lscc	-1.0	1
ACAT2	lscc	1.0	1
ACE	lscc	-1.0	1
ACOX2	lscc	-1.0	1
ACP2	lscc	-1.0	1
ACP5	lscc	-1.0	1
ACSL4	lscc	-1.0	1
ACSL5	lscc	-1.0	1
ACSM3	lscc	-1.0	1
ACTB	lscc	-1.0	1
ACTL6A	lscc	1.0	1
ACTR1A	lscc	-1.0	1
ACTR3	lscc	-1.0	1
ACTR6	lscc	1.0	1
ADA2	lscc	-1.0	1
ADAM8	lscc	-1.0	1
ADAMTS15	lscc		1
ADAP1	lscc	-1.0	1
ADAP2	lscc	-1.0	1
ADARB1	lscc	-1.0	1
ADAT2	lscc	1.0	1
ADCY7	lscc	-1.0	1
ADGRE2	lscc	-1.0	1
ADGRE5	lscc	-1.0	1
ADGRF5	lscc	-1.0	1
ADGRG1	lscc	1.0	1
ADGRL4	lscc	-1.0	1
ADI1	lscc	1.0	1
ADNP	lscc	1.0	1
ADPGK	lscc	-1.0	1
ADPRH	lscc	-1.0	1
AEBP2	lscc	1.0	1
AFF4	lscc	1.0	1
AFG3L2	lscc	1.0	1
AGAP2	lscc		1
AGPAT3	lscc	-1.0	1
AGR3	lscc	-1.0	1
AHCTF1	lscc	1.0	1
AHCY	lscc	1.0	1
AHSA1	lscc	1.0	1
AIF1	lscc	-1.0	1
AIF1L	lscc	1.0	1
AIFM2	lscc	-1.0	1
AK1	lscc	-1.0	1
AK4	lscc	1.0	1
AKAP1	lscc	1.0	1
AKAP11	lscc	-1.0	1
AKAP12	lscc	-1.0	1
AKAP13	lscc	-1.0	1
AKAP8	lscc	1.0	1
AKAP8L	lscc	1.0	1
AKNA	lscc	-1.0	1
AKR1C1	lscc	1.0	1
AL022312.1	lscc	1.0	1
AL034430.2	lscc	1.0	1
ALDH16A1	lscc	-1.0	1
ALDH1L2	lscc	-1.0	1
ALDH3B1	lscc	-1.0	1
ALDH5A1	lscc	1.0	1
ALG1	lscc	-1.0	1
ALG11	lscc	-1.0	1
ALG13	lscc	-1.0	1
ALG14	lscc	-1.0	1
ALG2	lscc	-1.0	1
ALG3	lscc	1.0	1
ALG5	lscc	-1.0	1
ALKBH2	lscc	1.0	1
ALKBH4	lscc	1.0	1
ALOX15B	lscc	-1.0	1
ALOX5	lscc	-1.0	1
ALOX5AP	lscc	-1.0	1
ALPL	lscc	-1.0	1
ALYREF	lscc	1.0	1
AMD1	lscc	-1.0	1
AMMECR1	lscc	1.0	1
AMPD2	lscc	-1.0	1
AMPD3	lscc	-1.0	1
AMPH	lscc	-1.0	1
ANAPC1	lscc	1.0	1
ANAPC10	lscc	1.0	1
ANAPC11	lscc	1.0	1
ANAPC5	lscc	1.0	1
ANAPC7	lscc	1.0	1
ANGEL2	lscc	1.0	1
ANKRD11	lscc	1.0	1
ANKRD13A	lscc	-1.0	1
ANKRD13D	lscc	-1.0	1
ANKRD28	lscc	1.0	1
ANKRD40	lscc	1.0	1
ANKRD54	lscc	1.0	1
ANKZF1	lscc	1.0	1
ANLN	lscc	1.0	1
ANO10	lscc	-1.0	1
ANP32E	lscc	1.0	1
ANTXR2	lscc	-1.0	1
AOAH	lscc	-1.0	1
AOX1	lscc	-1.0	1
AP1G2	lscc	-1.0	1
AP2A1	lscc	-1.0	1
AP2M1	lscc	-1.0	1
AP2S1	lscc	-1.0	1
AP3B1	lscc	-1.0	1
AP3D1	lscc	-1.0	1
AP3M1	lscc	-1.0	1
AP4B1	lscc	-1.0	1
AP4E1	lscc		1
AP5B1	lscc	-1.0	1
APAF1	lscc	-1.0	1
APBA3	lscc	-1.0	1
APBB1IP	lscc	-1.0	1
APEX2	lscc	1.0	1
APOBEC3C	lscc	-1.0	1
APOBR	lscc	-1.0	1
APOL3	lscc	-1.0	1
APOL6	lscc		1
APPL1	lscc	-1.0	1
AQR	lscc	1.0	1
ARAP1	lscc	-1.0	1
ARCN1	lscc	-1.0	1
ARF4	lscc	-1.0	1
ARFGAP3	lscc	-1.0	1
ARGLU1	lscc	1.0	1
ARHGAP1	lscc	-1.0	1
ARHGAP15	lscc	-1.0	1
ARHGAP18	lscc	-1.0	1
ARHGAP24	lscc	-1.0	1
ARHGAP26	lscc	-1.0	1
ARHGAP30	lscc	-1.0	1
ARHGAP31	lscc	-1.0	1
ARHGAP4	lscc	-1.0	1
ARHGAP42	lscc		1
ARHGAP44	lscc	-1.0	1
ARHGAP45	lscc	-1.0	1
ARHGAP6	lscc	-1.0	1
ARHGAP9	lscc	-1.0	1
ARHGDIA	lscc	-1.0	1
ARHGDIB	lscc	-1.0	1
ARHGEF17	lscc	-1.0	1
ARHGEF18	lscc	-1.0	1
ARHGEF40	lscc	-1.0	1
ARHGEF6	lscc	-1.0	1
ARID2	lscc	1.0	1
ARID4B	lscc	1.0	1
ARL2	lscc	1.0	1
ARL5A	lscc	-1.0	1
ARL6IP5	lscc	-1.0	1
ARMCX1	lscc	-1.0	1
ARPC1B	lscc	-1.0	1
ARPC2	lscc	-1.0	1
ARPC3	lscc	-1.0	1
ARPC5	lscc	-1.0	1
ARRB2	lscc	-1.0	1
ARSB	lscc	-1.0	1
ASB6	lscc	1.0	1
ASF1A	lscc	1.0	1
ASF1B	lscc	1.0	1
ASH2L	lscc	1.0	1
ASPA	lscc	-1.0	1
ASPHD2	lscc	-1.0	1
ASPM	lscc		1
ASXL2	lscc	1.0	1
ATAD1	lscc	1.0	1
ATAD2	lscc	1.0	1
ATAD2B	lscc	1.0	1
ATAD3A	lscc	1.0	1
ATAD5	lscc		1
ATG2B	lscc	-1.0	1
ATG4C	lscc	-1.0	1
ATG7	lscc	-1.0	1
ATM	lscc	-1.0	1
ATOX1	lscc	-1.0	1
ATP13A1	lscc	-1.0	1
ATP13A4	lscc	-1.0	1
ATP6V1F	lscc	-1.0	1
ATP9B	lscc		1
ATPAF1	lscc	1.0	1
ATR	lscc	1.0	1
ATXN1	lscc		1
ATXN10	lscc	1.0	1
ATXN7L3	lscc	1.0	1
ATXN7L3B	lscc	1.0	1
AUH	lscc	-1.0	1
AURKA	lscc	1.0	1
AURKB	lscc	1.0	1
AVEN	lscc	-1.0	1
AXL	lscc		1
AZI2	lscc	-1.0	1
BAIAP2L1	lscc	1.0	1
BANF1	lscc	1.0	1
BANK1	lscc	-1.0	1
BAP1	lscc	1.0	1
BASP1	lscc	-1.0	1
BAX	lscc	-1.0	1
BAZ1B	lscc	1.0	1
BAZ2A	lscc	1.0	1
BBS1	lscc	-1.0	1
BBS2	lscc	-1.0	1
BCAS2	lscc	1.0	1
BCL11A	lscc		1
BCL3	lscc	-1.0	1
BCL9	lscc	1.0	1
BDH2	lscc	-1.0	1
BEND3	lscc	1.0	1
BICC1	lscc	-1.0	1
BIN2	lscc	-1.0	1
BIRC3	lscc		1
BIRC5	lscc	1.0	1
BIRC6	lscc	1.0	1
BLM	lscc	1.0	1
BLNK	lscc	-1.0	1
BMP2K	lscc	-1.0	1
BMS1	lscc	1.0	1
BMT2	lscc		1
BNIP3	lscc	1.0	1
BOD1	lscc	1.0	1
BOLA3	lscc	1.0	1
BOP1	lscc	1.0	1
BORCS6	lscc	-1.0	1
BPHL	lscc		1
BRAP	lscc	1.0	1
BRCA1	lscc		1
BRD1	lscc	1.0	1
BRD2	lscc	1.0	1
BRF2	lscc	1.0	1
BRIX1	lscc	1.0	1
BRMS1L	lscc	1.0	1
BROX	lscc	1.0	1
BST2	lscc	-1.0	1
BTAF1	lscc	1.0	1
BTBD11	lscc	1.0	1
BTF3	lscc	1.0	1
BTF3L4	lscc	1.0	1
BTG2	lscc	-1.0	1
BTK	lscc	-1.0	1
BTN3A1	lscc	-1.0	1
BTN3A2	lscc	-1.0	1
BTN3A3	lscc	-1.0	1
BUB1	lscc	1.0	1
BUB3	lscc	1.0	1
BUD13	lscc	1.0	1
BUD31	lscc	1.0	1
BYSL	lscc	1.0	1
C10orf88	lscc	1.0	1
C11orf96	lscc	-1.0	1
C12orf10	lscc	1.0	1
C12orf43	lscc	1.0	1
C12orf65	lscc	1.0	1
C12orf73	lscc	1.0	1
C15orf40	lscc	1.0	1
C15orf48	lscc	-1.0	1
C16orf86	lscc	-1.0	1
C16orf89	lscc	-1.0	1
C17orf75	lscc	1.0	1
C19orf25	lscc	-1.0	1
C19orf53	lscc	-1.0	1
C1D	lscc	1.0	1
C1QBP	lscc	1.0	1
C1orf112	lscc	1.0	1
C1orf116	lscc	-1.0	1
C1orf131	lscc		1
C1orf226	lscc		1
C1orf35	lscc	1.0	1
C1orf43	lscc		1
C2CD2	lscc	-1.0	1
C2CD2L	lscc	-1.0	1
C3	lscc	-1.0	1
C5AR1	lscc	-1.0	1
C5orf22	lscc	1.0	1
C5orf51	lscc	1.0	1
C8orf82	lscc	1.0	1
CA3	lscc	-1.0	1
CA4	lscc	-1.0	1
CA8	lscc	1.0	1
CAB39	lscc	-1.0	1
CABIN1	lscc	1.0	1
CACNA2D2	lscc		1
CACNB3	lscc	1.0	1
CACUL1	lscc	1.0	1
CACYBP	lscc	1.0	1
CAD	lscc	1.0	1
CALCRL	lscc	-1.0	1
CALHM5	lscc	-1.0	1
CALHM6	lscc		1
CALR	lscc	-1.0	1
CAMK1	lscc	-1.0	1
CAMK4	lscc	-1.0	1
CAPG	lscc	-1.0	1
CAPN15	lscc	-1.0	1
CAPZA1	lscc	-1.0	1
CARD16	lscc	-1.0	1
CARD8	lscc		1
CARD9	lscc		1
CARMIL2	lscc	-1.0	1
CASC3	lscc	1.0	1
CASP10	lscc	-1.0	1
CASP2	lscc	1.0	1
CASP4	lscc	-1.0	1
CASP8AP2	lscc		1
CASS4	lscc		1
CAV1	lscc	-1.0	1
CAVIN1	lscc	-1.0	1
CAVIN3	lscc	-1.0	1
CBLL1	lscc	1.0	1
CBR3	lscc	1.0	1
CBX1	lscc	1.0	1
CBX2	lscc		1
CBX3	lscc	1.0	1
CBX4	lscc	1.0	1
CBX8	lscc	1.0	1
CCAR1	lscc	1.0	1
CCDC12	lscc	1.0	1
CCDC137	lscc	1.0	1
CCDC149	lscc	-1.0	1
CCDC22	lscc	-1.0	1
CCDC32	lscc	-1.0	1
CCDC43	lscc	1.0	1
CCDC58	lscc	1.0	1
CCDC61	lscc	-1.0	1
CCDC77	lscc	-1.0	1
CCDC86	lscc	1.0	1
CCDC88B	lscc	-1.0	1
CCDC97	lscc	1.0	1
CCDC9B	lscc	-1.0	1
CCL5	lscc		1
CCM2	lscc	-1.0	1
CCNB1	lscc	1.0	1
CCND3	lscc		1
CCNDBP1	lscc	1.0	1
CCNH	lscc	1.0	1
CCNK	lscc	1.0	1
CCNL1	lscc	1.0	1
CCNT1	lscc	1.0	1
CCNT2	lscc	1.0	1
CCP110	lscc	1.0	1
CCR1	lscc	-1.0	1
CCR6	lscc	-1.0	1
CCRL2	lscc	-1.0	1
CCT2	lscc	1.0	1
CCT3	lscc	1.0	1
CCT4	lscc	1.0	1
CCT5	lscc	1.0	1
CCT6A	lscc	1.0	1
CCT7	lscc	1.0	1
CCT8	lscc	1.0	1
CD14	lscc	-1.0	1
CD163L1	lscc		1
CD180	lscc	-1.0	1
CD19	lscc		1
CD2	lscc	-1.0	1
CD209	lscc	-1.0	1
CD248	lscc	-1.0	1
CD27	lscc	-1.0	1
CD2BP2	lscc	1.0	1
CD300A	lscc	-1.0	1
CD300LF	lscc	-1.0	1
CD33	lscc	-1.0	1
CD34	lscc	-1.0	1
CD37	lscc	-1.0	1
CD38	lscc	-1.0	1
CD3D	lscc	-1.0	1
CD3E	lscc	-1.0	1
CD3G	lscc	-1.0	1
CD4	lscc	-1.0	1
CD40	lscc	-1.0	1
CD44	lscc	-1.0	1
CD47	lscc	-1.0	1
CD48	lscc	-1.0	1
CD5	lscc	-1.0	1
CD53	lscc	-1.0	1
CD6	lscc	-1.0	1
CD63	lscc	-1.0	1
CD69	lscc	-1.0	1
CD7	lscc		1
CD72	lscc		1
CD79A	lscc		1
CD81	lscc	-1.0	1
CD82	lscc	-1.0	1
CD83	lscc	-1.0	1
CD84	lscc		1
CD86	lscc		1
CD8A	lscc	-1.0	1
CD93	lscc	-1.0	1
CD99L2	lscc	-1.0	1
CDC40	lscc	1.0	1
CDC42EP1	lscc	-1.0	1
CDC42EP5	lscc	-1.0	1
CDC42SE2	lscc	-1.0	1
CDC45	lscc	1.0	1
CDC5L	lscc	1.0	1
CDC73	lscc	1.0	1
CDCA3	lscc	1.0	1
CDCA5	lscc	1.0	1
CDCA7	lscc	1.0	1
CDCA7L	lscc	1.0	1
CDCA8	lscc		1
CDH1	lscc	1.0	1
CDH5	lscc	-1.0	1
CDK1	lscc	1.0	1
CDK12	lscc	1.0	1
CDK14	lscc	-1.0	1
CDK2	lscc	1.0	1
CDK2AP1	lscc	1.0	1
CDK4	lscc	1.0	1
CDK5RAP1	lscc	1.0	1
CDK5RAP3	lscc	-1.0	1
CDK7	lscc	1.0	1
CDK8	lscc	1.0	1
CDK9	lscc	1.0	1
CDPF1	lscc	1.0	1
CDT1	lscc	1.0	1
CDYL	lscc	1.0	1
CEBPZ	lscc	1.0	1
CEBPZOS	lscc	1.0	1
CELF1	lscc	1.0	1
CENPF	lscc	1.0	1
CENPH	lscc	1.0	1
CENPL	lscc	1.0	1
CENPM	lscc	1.0	1
CENPN	lscc	1.0	1
CENPO	lscc	1.0	1
CENPQ	lscc	1.0	1
CENPU	lscc	1.0	1
CENPX	lscc		1
CEP112	lscc	-1.0	1
CEP120	lscc	-1.0	1
CEP128	lscc	-1.0	1
CEP55	lscc	1.0	1
CFAP298	lscc	1.0	1
CFAP36	lscc	1.0	1
CFAP46	lscc	-1.0	1
CFDP1	lscc	1.0	1
CFLAR	lscc		1
CFP	lscc	-1.0	1
CGAS	lscc	-1.0	1
CGNL1	lscc	-1.0	1
CHAC2	lscc		1
CHAF1A	lscc	1.0	1
CHAF1B	lscc	1.0	1
CHAMP1	lscc	1.0	1
CHCHD1	lscc	1.0	1
CHCHD2	lscc	1.0	1
CHCHD3	lscc	1.0	1
CHD1	lscc	1.0	1
CHD1L	lscc	1.0	1
CHD6	lscc	1.0	1
CHD7	lscc	1.0	1
CHD8	lscc	1.0	1
CHEK1	lscc	1.0	1
CHEK2	lscc	1.0	1
CHERP	lscc	1.0	1
CHI3L1	lscc	-1.0	1
CHID1	lscc	-1.0	1
CHKA	lscc		1
CHKB	lscc	-1.0	1
CHML	lscc	1.0	1
CHMP1A	lscc	1.0	1
CHMP1B	lscc	1.0	1
CHMP4C	lscc	1.0	1
CHMP6	lscc	-1.0	1
CHORDC1	lscc	1.0	1
CHRAC1	lscc	1.0	1
CHST12	lscc		1
CHTF18	lscc	1.0	1
CIAO1	lscc	1.0	1
CIAO2B	lscc	1.0	1
CIAPIN1	lscc	1.0	1
CISD2	lscc	-1.0	1
CIT	lscc	1.0	1
CKAP2	lscc	1.0	1
CKAP2L	lscc	1.0	1
CKS1B	lscc	1.0	1
CLASRP	lscc	1.0	1
CLC	lscc	-1.0	1
CLCC1	lscc	-1.0	1
CLCN2	lscc		1
CLCN7	lscc	-1.0	1
CLDN3	lscc	1.0	1
CLDN4	lscc	1.0	1
CLEC14A	lscc	-1.0	1
CLEC16A	lscc		1
CLIC2	lscc	-1.0	1
CLIC3	lscc	-1.0	1
CLIC5	lscc	-1.0	1
CLK2	lscc	1.0	1
CLMP	lscc		1
CLN5	lscc	-1.0	1
CLNS1A	lscc	1.0	1
CLP1	lscc	1.0	1
CLPTM1	lscc	-1.0	1
CLPX	lscc	1.0	1
CLSTN3	lscc		1
CMAS	lscc	1.0	1
CMBL	lscc	1.0	1
CMIP	lscc	1.0	1
CMSS1	lscc	1.0	1
CNKSR1	lscc	1.0	1
CNNM3	lscc	1.0	1
CNOT10	lscc	1.0	1
CNPY2	lscc	-1.0	1
CNPY3	lscc	1.0	1
CNRIP1	lscc	-1.0	1
CNTRL	lscc	-1.0	1
CNTROB	lscc	-1.0	1
COA1	lscc	1.0	1
COA3	lscc	1.0	1
COASY	lscc	1.0	1
COG5	lscc	1.0	1
COIL	lscc	1.0	1
COL6A6	lscc		1
COLEC12	lscc	-1.0	1
COP1	lscc	1.0	1
COPA	lscc	-1.0	1
COPB1	lscc	-1.0	1
COPB2	lscc	-1.0	1
COPG1	lscc	-1.0	1
COPZ1	lscc	-1.0	1
COQ3	lscc	1.0	1
COQ7	lscc	1.0	1
CORO1A	lscc	-1.0	1
COTL1	lscc	-1.0	1
COX20	lscc	1.0	1
COX6A1	lscc	-1.0	1
COX7A1	lscc	-1.0	1
CPEB4	lscc	-1.0	1
CPLX2	lscc		1
CPM	lscc	-1.0	1
CPSF1	lscc	1.0	1
CPSF2	lscc	1.0	1
CPSF3	lscc	1.0	1
CPSF4	lscc	1.0	1
CPSF6	lscc	1.0	1
CPT1A	lscc	1.0	1
CR1	lscc	-1.0	1
CR2	lscc		1
CRCP	lscc	1.0	1
CRIPT	lscc	1.0	1
CRISPLD2	lscc	-1.0	1
CRLF3	lscc	-1.0	1
CRNKL1	lscc		1
CRYBB1	lscc	-1.0	1
CRYL1	lscc	-1.0	1
CSE1L	lscc	1.0	1
CSF1R	lscc	-1.0	1
CSK	lscc	-1.0	1
CSNK1G3	lscc		1
CSNK2A1	lscc	1.0	1
CSNK2B	lscc	1.0	1
CST6	lscc	-1.0	1
CST7	lscc	-1.0	1
CSTF1	lscc	1.0	1
CSTF2T	lscc	1.0	1
CSTF3	lscc	1.0	1
CTBP2	lscc	1.0	1
CTBS	lscc	-1.0	1
CTDNEP1	lscc	-1.0	1
CTDSPL2	lscc	1.0	1
CTH	lscc	-1.0	1
CTNNA1	lscc	1.0	1
CTNNBL1	lscc	1.0	1
CTPS1	lscc	1.0	1
CTR9	lscc	1.0	1
CTSE	lscc		1
CTSH	lscc	-1.0	1
CTSL	lscc	-1.0	1
CTSO	lscc	-1.0	1
CTSS	lscc	-1.0	1
CTSZ	lscc	-1.0	1
CUL1	lscc	1.0	1
CWC15	lscc	1.0	1
CWC22	lscc	1.0	1
CWC27	lscc	1.0	1
CWF19L1	lscc	1.0	1
CX3CL1	lscc	1.0	1
CXCL13	lscc	-1.0	1
CXXC1	lscc	1.0	1
CXorf56	lscc	1.0	1
CYB5R4	lscc	-1.0	1
CYBA	lscc	-1.0	1
CYBB	lscc	-1.0	1
CYBC1	lscc	-1.0	1
CYBRD1	lscc	-1.0	1
CYFIP2	lscc	-1.0	1
CYHR1	lscc	1.0	1
CYLD	lscc	-1.0	1
CYP1B1	lscc	-1.0	1
CYP20A1	lscc	-1.0	1
CYP4F11	lscc	1.0	1
CYP4V2	lscc	-1.0	1
CYP4X1	lscc		1
CYP7B1	lscc	-1.0	1
CYTH4	lscc	-1.0	1
CYTIP	lscc		1
DAB2	lscc	-1.0	1
DACH1	lscc	1.0	1
DAG1	lscc	1.0	1
DAGLB	lscc	-1.0	1
DAP3	lscc	1.0	1
DAPK1	lscc	-1.0	1
DARS2	lscc	1.0	1
DAZAP1	lscc	1.0	1
DBR1	lscc	1.0	1
DCAF13	lscc	1.0	1
DCAF5	lscc	-1.0	1
DCAF7	lscc	1.0	1
DCBLD1	lscc	-1.0	1
DCTN5	lscc	-1.0	1
DCTPP1	lscc	1.0	1
DCUN1D3	lscc	-1.0	1
DCXR	lscc	1.0	1
DDB1	lscc	1.0	1
DDO	lscc	-1.0	1
DDOST	lscc	-1.0	1
DDR1	lscc	1.0	1
DDX10	lscc	1.0	1
DDX11	lscc	1.0	1
DDX17	lscc	1.0	1
DDX18	lscc	1.0	1
DDX19A	lscc	1.0	1
DDX20	lscc	1.0	1
DDX21	lscc	1.0	1
DDX23	lscc	1.0	1
DDX27	lscc	1.0	1
DDX28	lscc	1.0	1
DDX31	lscc	1.0	1
DDX39A	lscc	1.0	1
DDX39B	lscc	1.0	1
DDX41	lscc	1.0	1
DDX42	lscc	1.0	1
DDX47	lscc	1.0	1
DDX49	lscc	1.0	1
DDX5	lscc	1.0	1
DDX50	lscc	1.0	1
DDX51	lscc	1.0	1
DDX52	lscc	1.0	1
DDX55	lscc	1.0	1
DDX56	lscc	1.0	1
DDX59	lscc	1.0	1
DDX6	lscc	1.0	1
DDX60L	lscc	-1.0	1
DEF6	lscc	-1.0	1
DEK	lscc	1.0	1
DENND1C	lscc		1
DENND2D	lscc	-1.0	1
DENND3	lscc	-1.0	1
DENND4B	lscc	-1.0	1
DENND6A	lscc	1.0	1
DENR	lscc	1.0	1
DERL1	lscc	-1.0	1
DERL2	lscc	-1.0	1
DERL3	lscc	-1.0	1
DERPC	lscc	1.0	1
DES	lscc	-1.0	1
DGCR8	lscc	1.0	1
DGKQ	lscc	-1.0	1
DHFR	lscc	1.0	1
DHODH	lscc	1.0	1
DHRS1	lscc	-1.0	1
DHRS7	lscc	-1.0	1
DHRS7B	lscc	-1.0	1
DHRSX	lscc	-1.0	1
DHX16	lscc	1.0	1
DHX33	lscc	1.0	1
DHX34	lscc	1.0	1
DHX35	lscc	1.0	1
DHX36	lscc	1.0	1
DHX37	lscc	1.0	1
DHX38	lscc	1.0	1
DHX40	lscc	1.0	1
DHX57	lscc	1.0	1
DHX8	lscc	1.0	1
DHX9	lscc	1.0	1
DIDO1	lscc	1.0	1
DIP2B	lscc	1.0	1
DIPK1A	lscc	-1.0	1
DIPK2A	lscc	1.0	1
DIS3	lscc	1.0	1
DKC1	lscc	1.0	1
DKK2	lscc	-1.0	1
DLD	lscc	1.0	1
DLG2	lscc		1
DMAP1	lscc	1.0	1
DMBT1	lscc	-1.0	1
DMXL1	lscc	-1.0	1
DMXL2	lscc	-1.0	1
DNAJA1	lscc	1.0	1
DNAJA2	lscc	1.0	1
DNAJB1	lscc	1.0	1
DNAJC1	lscc	-1.0	1
DNAJC11	lscc	1.0	1
DNAJC2	lscc	1.0	1
DNAJC25	lscc	-1.0	1
DNAJC30	lscc	1.0	1
DNAJC7	lscc	1.0	1
DNAJC9	lscc	1.0	1
DNMT3A	lscc	1.0	1
DNTTIP1	lscc	1.0	1
DNTTIP2	lscc	1.0	1
DOCK11	lscc	-1.0	1
DOCK2	lscc	-1.0	1
DOCK4	lscc	-1.0	1
DOCK8	lscc	-1.0	1
DOK1	lscc	-1.0	1
DOK3	lscc	-1.0	1
DPAGT1	lscc	-1.0	1
DPF2	lscc	1.0	1
DPH1	lscc	1.0	1
DPH3	lscc	-1.0	1
DPP4	lscc	-1.0	1
DPP9	lscc	-1.0	1
DPY19L1	lscc	-1.0	1
DPY30	lscc	1.0	1
DPYD	lscc	-1.0	1
DRAM2	lscc	-1.0	1
DRG1	lscc	1.0	1
DRG2	lscc	-1.0	1
DROSHA	lscc		1
DSCC1	lscc	1.0	1
DSG2	lscc	1.0	1
DTL	lscc	1.0	1
DTYMK	lscc	1.0	1
DUOX1	lscc	-1.0	1
DUS1L	lscc	1.0	1
DUSP11	lscc	1.0	1
E2F4	lscc	1.0	1
EBNA1BP2	lscc	1.0	1
ECHDC1	lscc	-1.0	1
ECHDC2	lscc	-1.0	1
ECHS1	lscc	1.0	1
ECSIT	lscc	1.0	1
ECT2	lscc		1
EDC4	lscc	1.0	1
EDEM2	lscc	-1.0	1
EDRF1	lscc	1.0	1
EED	lscc	1.0	1
EEF1A1	lscc	1.0	1
EEF1AKMT4	lscc	1.0	1
EEF1AKNMT	lscc	1.0	1
EEF1E1	lscc	1.0	1
EFHD2	lscc	-1.0	1
EFNA1	lscc	1.0	1
EFTUD2	lscc	1.0	1
EGFLAM	lscc	-1.0	1
EGLN1	lscc	1.0	1
EHBP1	lscc	1.0	1
EHBP1L1	lscc	-1.0	1
EHD1	lscc	-1.0	1
EHD2	lscc	-1.0	1
EHD3	lscc	-1.0	1
EHD4	lscc	-1.0	1
EHMT1	lscc	1.0	1
EIF1AX	lscc	1.0	1
EIF2A	lscc	1.0	1
EIF2B1	lscc	1.0	1
EIF2D	lscc	1.0	1
EIF3D	lscc	1.0	1
EIF3F	lscc	1.0	1
EIF3I	lscc	1.0	1
EIF3M	lscc	1.0	1
EIF4A3	lscc	1.0	1
EIF4B	lscc	1.0	1
EIF4E3	lscc	-1.0	1
EIF4ENIF1	lscc	1.0	1
EIF5B	lscc	1.0	1
ELAVL1	lscc	1.0	1
ELF3	lscc	1.0	1
ELK3	lscc	-1.0	1
ELMO2	lscc	-1.0	1
EMC4	lscc	-1.0	1
EMC9	lscc	-1.0	1
EME1	lscc	1.0	1
EMG1	lscc	1.0	1
EML3	lscc	-1.0	1
EMP3	lscc	-1.0	1
EN1	lscc	1.0	1
ENG	lscc		1
ENPP4	lscc	-1.0	1
ENTPD1	lscc	-1.0	1
ENY2	lscc	1.0	1
EOGT	lscc	-1.0	1
EP400	lscc	1.0	1
EPCAM	lscc	1.0	1
EPG5	lscc	-1.0	1
EPHA7	lscc		1
EPHB3	lscc	1.0	1
EPN3	lscc	1.0	1
EPS15	lscc	-1.0	1
EPSTI1	lscc	-1.0	1
ERAL1	lscc	1.0	1
ERCC2	lscc	1.0	1
ERCC3	lscc	1.0	1
ERCC6L	lscc	1.0	1
ERG	lscc	-1.0	1
ERGIC1	lscc	-1.0	1
ERH	lscc	1.0	1
ERLEC1	lscc	-1.0	1
ESAM	lscc	-1.0	1
ESCO1	lscc		1
ESF1	lscc	1.0	1
ESRP2	lscc	1.0	1
ESRRA	lscc	1.0	1
ESS2	lscc	1.0	1
ETAA1	lscc	1.0	1
ETS1	lscc		1
ETV3	lscc	1.0	1
EVI2B	lscc	-1.0	1
EVI5	lscc	-1.0	1
EVL	lscc	-1.0	1
EWSR1	lscc	1.0	1
EXOC3L2	lscc	-1.0	1
EXOSC1	lscc	1.0	1
EXOSC10	lscc	1.0	1
EXOSC2	lscc	1.0	1
EXOSC3	lscc	1.0	1
EXOSC5	lscc	1.0	1
EXOSC6	lscc	1.0	1
EXOSC7	lscc	1.0	1
EXOSC9	lscc	1.0	1
EYA3	lscc	1.0	1
EZH2	lscc	1.0	1
F13A1	lscc	-1.0	1
FAHD1	lscc	1.0	1
FAHD2A	lscc	1.0	1
FAM107B	lscc	-1.0	1
FAM111B	lscc	1.0	1
FAM114A1	lscc	-1.0	1
FAM114A2	lscc	-1.0	1
FAM117B	lscc	1.0	1
FAM151B	lscc	-1.0	1
FAM162A	lscc	1.0	1
FAM204A	lscc	1.0	1
FAM207A	lscc	1.0	1
FAM20A	lscc	-1.0	1
FAM20B	lscc	1.0	1
FAM50A	lscc	1.0	1
FAM76A	lscc		1
FAM91A1	lscc	1.0	1
FANCD2	lscc	1.0	1
FANCI	lscc	1.0	1
FARSB	lscc	1.0	1
FAS	lscc	-1.0	1
FASTK	lscc	1.0	1
FASTKD2	lscc	1.0	1
FASTKD5	lscc	1.0	1
FAT4	lscc		1
FBH1	lscc	-1.0	1
FBL	lscc	1.0	1
FBLL1	lscc		1
FBP1	lscc	-1.0	1
FBXL2	lscc	-1.0	1
FBXL8	lscc	-1.0	1
FBXO28	lscc	1.0	1
FBXO45	lscc	1.0	1
FBXW4	lscc	1.0	1
FBXW5	lscc	-1.0	1
FCER1G	lscc	-1.0	1
FCF1	lscc	1.0	1
FCGR1A	lscc		1
FCGR2A	lscc	-1.0	1
FCGR3A	lscc	-1.0	1
FCGR3B	lscc	-1.0	1
FCGRT	lscc	-1.0	1
FCHO1	lscc	-1.0	1
FCHO2	lscc	-1.0	1
FCHSD1	lscc	-1.0	1
FCHSD2	lscc	-1.0	1
FCN1	lscc	-1.0	1
FEM1B	lscc	1.0	1
FEN1	lscc	1.0	1
FER	lscc	-1.0	1
FERMT3	lscc	-1.0	1
FES	lscc	-1.0	1
FGD2	lscc	-1.0	1
FGD3	lscc	-1.0	1
FGD4	lscc	-1.0	1
FGD5	lscc	-1.0	1
FGFR1OP2	lscc	-1.0	1
FGFR2	lscc	1.0	1
FGR	lscc	-1.0	1
FH	lscc	1.0	1
FHIT	lscc	-1.0	1
FHOD1	lscc	-1.0	1
FICD	lscc	-1.0	1
FIGNL1	lscc	1.0	1
FILIP1	lscc	-1.0	1
FILIP1L	lscc	-1.0	1
FKBP11	lscc	-1.0	1
FKBP15	lscc	-1.0	1
FKBP4	lscc	1.0	1
FLAD1	lscc	1.0	1
FLI1	lscc		1
FLRT3	lscc	-1.0	1
FLVCR1	lscc		1
FMO1	lscc	-1.0	1
FNBP4	lscc	1.0	1
FOCAD	lscc	-1.0	1
FOLR1	lscc	-1.0	1
FOLR2	lscc	-1.0	1
FOXK1	lscc	1.0	1
FOXK2	lscc	1.0	1
FOXP3	lscc		1
FRA10AC1	lscc	1.0	1
FRG1	lscc	1.0	1
FRYL	lscc	-1.0	1
FTL	lscc	-1.0	1
FTSJ3	lscc	1.0	1
FUBP3	lscc	1.0	1
FUCA1	lscc	-1.0	1
FXYD1	lscc	-1.0	1
FYB1	lscc	-1.0	1
FZD7	lscc	1.0	1
FZR1	lscc	1.0	1
G3BP1	lscc	1.0	1
G6PC3	lscc	-1.0	1
GAB3	lscc		1
GABARAP	lscc	-1.0	1
GADD45GIP1	lscc	1.0	1
GAK	lscc	-1.0	1
GALK2	lscc	-1.0	1
GALM	lscc	-1.0	1
GALT	lscc	-1.0	1
GAN	lscc	1.0	1
GANC	lscc	-1.0	1
GAR1	lscc	1.0	1
GAS7	lscc	-1.0	1
GATA6	lscc	-1.0	1
GATAD2B	lscc	1.0	1
GBP1	lscc	-1.0	1
GBP2	lscc	-1.0	1
GBP4	lscc	-1.0	1
GBP5	lscc	-1.0	1
GCFC2	lscc	1.0	1
GCH1	lscc		1
GCHFR	lscc	-1.0	1
GCLC	lscc	1.0	1
GCLM	lscc	1.0	1
GCN1	lscc	1.0	1
GCSH	lscc	1.0	1
GDE1	lscc	-1.0	1
GDF10	lscc	-1.0	1
GEMIN5	lscc	1.0	1
GEMIN6	lscc	1.0	1
GEMIN8	lscc	1.0	1
GEN1	lscc	1.0	1
GFER	lscc	-1.0	1
GFM1	lscc	1.0	1
GFPT2	lscc	-1.0	1
GGA2	lscc	-1.0	1
GGCT	lscc	1.0	1
GGT5	lscc	-1.0	1
GHDC	lscc	-1.0	1
GHITM	lscc	1.0	1
GID8	lscc	1.0	1
GIGYF2	lscc	1.0	1
GIMAP1	lscc	-1.0	1
GIMAP2	lscc	-1.0	1
GIMAP6	lscc	-1.0	1
GIMAP7	lscc	-1.0	1
GIMAP8	lscc	-1.0	1
GINS1	lscc	1.0	1
GINS2	lscc	1.0	1
GINS3	lscc	1.0	1
GINS4	lscc	1.0	1
GLCCI1	lscc	-1.0	1
GLE1	lscc	1.0	1
GLIPR1	lscc	-1.0	1
GLIPR2	lscc	-1.0	1
GLO1	lscc	1.0	1
GLRX	lscc	-1.0	1
GLRX3	lscc	1.0	1
GLT8D1	lscc	-1.0	1
GLYCTK	lscc		1
GMFG	lscc	-1.0	1
GMNN	lscc		1
GMPPA	lscc	-1.0	1
GMPPB	lscc	-1.0	1
GMPS	lscc	1.0	1
GNA12	lscc	-1.0	1
GNAI2	lscc		1
GNAZ	lscc	1.0	1
GNG2	lscc	-1.0	1
GNG7	lscc	-1.0	1
GNL1	lscc	1.0	1
GNL2	lscc	1.0	1
GNL3	lscc	1.0	1
GNPDA2	lscc	-1.0	1
GORASP1	lscc	-1.0	1
GOT1	lscc	1.0	1
GPATCH1	lscc	1.0	1
GPATCH11	lscc		1
GPATCH4	lscc	1.0	1
GPATCH8	lscc	1.0	1
GPC3	lscc	1.0	1
GPCPD1	lscc	-1.0	1
GPD2	lscc	1.0	1
GPI	lscc	1.0	1
GPKOW	lscc	1.0	1
GPN1	lscc	1.0	1
GPN3	lscc	1.0	1
GPR108	lscc	-1.0	1
GPRIN3	lscc	-1.0	1
GPS2	lscc	1.0	1
GPSM3	lscc	-1.0	1
GPX1	lscc	-1.0	1
GPX2	lscc		1
GPX4	lscc	-1.0	1
GRAMD4	lscc	-1.0	1
GRAP2	lscc	-1.0	1
GRB7	lscc	1.0	1
GRHL1	lscc	1.0	1
GRHL2	lscc	1.0	1
GRK2	lscc	-1.0	1
GRK3	lscc	-1.0	1
GRK5	lscc	-1.0	1
GRK6	lscc	-1.0	1
GRPEL2	lscc	1.0	1
GRTP1	lscc	1.0	1
GSDMD	lscc	-1.0	1
GSTCD	lscc	1.0	1
GSTT2B	lscc	1.0	1
GTF2F1	lscc	1.0	1
GTF2F2	lscc	1.0	1
GTF2H4	lscc	1.0	1
GTF3C1	lscc	1.0	1
GTF3C2	lscc	1.0	1
GTF3C3	lscc	1.0	1
GTF3C4	lscc	1.0	1
GTF3C5	lscc	1.0	1
GTF3C6	lscc	1.0	1
GTPBP10	lscc	1.0	1
GTPBP2	lscc	1.0	1
GTPBP4	lscc	1.0	1
GTPBP6	lscc	1.0	1
GTSE1	lscc	1.0	1
GUCY1A1	lscc	-1.0	1
GUCY1A2	lscc	-1.0	1
GUCY1B1	lscc	-1.0	1
GYPC	lscc	-1.0	1
GZMA	lscc	-1.0	1
GZMB	lscc	-1.0	1
GZMH	lscc	-1.0	1
GZMK	lscc	-1.0	1
GZMM	lscc	-1.0	1
HAAO	lscc	-1.0	1
HACD4	lscc	-1.0	1
HAT1	lscc	1.0	1
HAUS8	lscc	1.0	1
HAVCR2	lscc	-1.0	1
HCLS1	lscc	-1.0	1
HDAC1	lscc	1.0	1
HDAC10	lscc	-1.0	1
HDAC2	lscc	1.0	1
HDDC2	lscc	1.0	1
HDHD2	lscc	-1.0	1
HDHD5	lscc	1.0	1
HDLBP	lscc	-1.0	1
HECTD1	lscc	-1.0	1
HECTD3	lscc	-1.0	1
HEG1	lscc	-1.0	1
HELLS	lscc		1
HERC4	lscc	-1.0	1
HERPUD1	lscc	-1.0	1
HEXIM1	lscc	1.0	1
HFE	lscc		1
HIC1	lscc	-1.0	1
HIGD1A	lscc	1.0	1
HIRA	lscc	1.0	1
HIRIP3	lscc	1.0	1
HK2	lscc	1.0	1
HK3	lscc	-1.0	1
HLA-C	lscc	-1.0	1
HLA-DMA	lscc	-1.0	1
HLA-DMB	lscc	-1.0	1
HLA-DOA	lscc		1
HLA-DOB	lscc	-1.0	1
HLA-DPA1	lscc	-1.0	1
HLA-DPB1	lscc	-1.0	1
HLA-DQB1	lscc	-1.0	1
HLA-DQB2	lscc	-1.0	1
HLA-DRA	lscc	-1.0	1
HLA-DRB1	lscc	-1.0	1
HLA-DRB5	lscc	-1.0	1
HLA-F	lscc	-1.0	1
HLA-G	lscc		1
HLTF	lscc	1.0	1
HMCES	lscc	1.0	1
HMG20A	lscc	1.0	1
HMGB1	lscc	1.0	1
HMGB3	lscc	1.0	1
HMGCS1	lscc	1.0	1
HMGN4	lscc	-1.0	1
HMGXB4	lscc	1.0	1
HMOX1	lscc	-1.0	1
HNMT	lscc	-1.0	1
HNRNPA0	lscc	1.0	1
HNRNPA2B1	lscc	1.0	1
HNRNPAB	lscc	1.0	1
HNRNPDL	lscc	1.0	1
HNRNPF	lscc	1.0	1
HNRNPH1	lscc	1.0	1
HNRNPK	lscc	1.0	1
HNRNPL	lscc	1.0	1
HNRNPLL	lscc	1.0	1
HNRNPM	lscc	1.0	1
HOMER3	lscc	-1.0	1
HOPX	lscc	-1.0	1
HP1BP3	lscc	-1.0	1
HPDL	lscc		1
HPS5	lscc	-1.0	1
HPS6	lscc	-1.0	1
HRC	lscc	-1.0	1
HS6ST1	lscc	1.0	1
HSD11B1	lscc		1
HSD17B11	lscc	-1.0	1
HSD17B12	lscc	-1.0	1
HSD17B4	lscc	-1.0	1
HSDL1	lscc	1.0	1
HSF1	lscc	1.0	1
HSH2D	lscc		1
HSP90AB1	lscc	1.0	1
HSP90B1	lscc	-1.0	1
HSPA12B	lscc	-1.0	1
HSPA13	lscc	-1.0	1
HSPA4	lscc	1.0	1
HSPA5	lscc	-1.0	1
HSPA6	lscc	1.0	1
HSPA9	lscc	1.0	1
HSPB6	lscc	-1.0	1
HSPB8	lscc	-1.0	1
HSPBP1	lscc	1.0	1
HSPD1	lscc	1.0	1
HSPE1	lscc	1.0	1
HTATSF1	lscc	1.0	1
HTD2	lscc	1.0	1
HTRA2	lscc	1.0	1
HTT	lscc	-1.0	1
HUS1	lscc	1.0	1
HVCN1	lscc	-1.0	1
HYI	lscc	-1.0	1
IARS2	lscc	1.0	1
ICAM1	lscc	-1.0	1
ICAM2	lscc	-1.0	1
ICAM3	lscc	-1.0	1
ICOS	lscc	-1.0	1
IDNK	lscc	-1.0	1
IDO1	lscc	-1.0	1
IDS	lscc	-1.0	1
IFI27	lscc	-1.0	1
IFI30	lscc	-1.0	1
IFIH1	lscc	-1.0	1
IFIT5	lscc	-1.0	1
IFNAR1	lscc		1
IFNGR1	lscc	-1.0	1
IFRD1	lscc	1.0	1
IGF1R	lscc	1.0	1
IGF2BP1	lscc	1.0	1
IGF2BP2	lscc	1.0	1
IGFBPL1	lscc		1
IGFLR1	lscc	-1.0	1
IGHA1	lscc	-1.0	1
IGHA2	lscc	-1.0	1
IGHV1-45	lscc	-1.0	1
IGHV1-46	lscc		1
IGHV2-70	lscc	-1.0	1
IGHV2-70D	lscc	-1.0	1
IGHV3-11	lscc		1
IGHV3-35	lscc	-1.0	1
IGHV3-38	lscc	-1.0	1
IGHV3-49	lscc	-1.0	1
IGHV3-72	lscc	-1.0	1
IGHV4-28	lscc	-1.0	1
IGHV4-39	lscc		1
IGHV5-51	lscc	-1.0	1
IGHV6-1	lscc	-1.0	1
IGKC	lscc	-1.0	1
IGKV1-16	lscc	-1.0	1
IGKV1OR2-108	lscc	-1.0	1
IGKV4-1	lscc	-1.0	1
IGLC7	lscc	-1.0	1
IGLL5	lscc	-1.0	1
IGLV1-44	lscc		1
IGLV1-47	lscc	-1.0	1
IGLV1-51	lscc	-1.0	1
IGLV8-61	lscc	-1.0	1
IGSF6	lscc	-1.0	1
IK	lscc	1.0	1
IKBKE	lscc		1
IKBKG	lscc	-1.0	1
IKZF3	lscc	-1.0	1
IKZF5	lscc	1.0	1
IL1R1	lscc		1
IL32	lscc	-1.0	1
IL33	lscc	-1.0	1
IL6ST	lscc		1
ILF2	lscc	1.0	1
ILK	lscc	-1.0	1
ILKAP	lscc	1.0	1
IMP3	lscc	1.0	1
IMP4	lscc	1.0	1
IMPA1	lscc	-1.0	1
IMPDH2	lscc	1.0	1
INCENP	lscc	1.0	1
ING4	lscc	1.0	1
ING5	lscc	1.0	1
INIP	lscc	1.0	1
INPP1	lscc	-1.0	1
INPP4A	lscc	-1.0	1
INPP5A	lscc	1.0	1
INPP5D	lscc	-1.0	1
INPP5K	lscc	-1.0	1
INSR	lscc	1.0	1
INTS1	lscc	1.0	1
INTS13	lscc	1.0	1
INTS14	lscc	1.0	1
INTS2	lscc	1.0	1
INTS3	lscc	1.0	1
INTS6	lscc	1.0	1
INTS7	lscc	1.0	1
INTS8	lscc	1.0	1
IPO9	lscc	1.0	1
IQCB1	lscc	1.0	1
IQGAP2	lscc	-1.0	1
IQGAP3	lscc	1.0	1
IRAK3	lscc	-1.0	1
IRF2BP1	lscc	1.0	1
IRF4	lscc	-1.0	1
IRF8	lscc	-1.0	1
ISCA1	lscc	1.0	1
ISCU	lscc	1.0	1
ISG20L2	lscc	1.0	1
ITGA1	lscc	-1.0	1
ITGA4	lscc	-1.0	1
ITGAE	lscc		1
ITGAL	lscc	-1.0	1
ITGAX	lscc	-1.0	1
ITGB2	lscc	-1.0	1
ITGB7	lscc	-1.0	1
ITK	lscc	-1.0	1
ITPR2	lscc	-1.0	1
ITPRIP	lscc	-1.0	1
ITSN2	lscc	-1.0	1
IWS1	lscc	1.0	1
JADE3	lscc	1.0	1
JAK1	lscc	-1.0	1
JAK2	lscc	-1.0	1
JAK3	lscc	-1.0	1
JAM2	lscc		1
JARID2	lscc	1.0	1
JCAD	lscc	-1.0	1
JCHAIN	lscc	-1.0	1
JMY	lscc	1.0	1
JSRP1	lscc		1
JUP	lscc	1.0	1
KANK3	lscc	-1.0	1
KAT14	lscc	1.0	1
KAT2A	lscc	1.0	1
KAT2B	lscc	-1.0	1
KAT7	lscc	1.0	1
KAT8	lscc	1.0	1
KCMF1	lscc	1.0	1
KCTD1	lscc		1
KCTD12	lscc	-1.0	1
KCTD14	lscc	-1.0	1
KCTD15	lscc		1
KCTD18	lscc	1.0	1
KCTD20	lscc	1.0	1
KCTD21	lscc	-1.0	1
KCTD3	lscc	1.0	1
KDELR3	lscc	-1.0	1
KDF1	lscc	1.0	1
KDM1A	lscc	1.0	1
KDM1B	lscc	1.0	1
KDM3A	lscc	1.0	1
KDM3B	lscc	1.0	1
KDM4B	lscc	1.0	1
KDM5B	lscc	1.0	1
KDM5C	lscc	1.0	1
KHDC4	lscc	1.0	1
KHDRBS1	lscc	1.0	1
KHK	lscc	1.0	1
KHSRP	lscc	1.0	1
KIAA0408	lscc		1
KIAA0513	lscc	-1.0	1
KIAA0753	lscc		1
KIAA1143	lscc	1.0	1
KIAA1328	lscc	-1.0	1
KIAA1958	lscc	1.0	1
KIDINS220	lscc		1
KIF11	lscc	1.0	1
KIF14	lscc	1.0	1
KIF15	lscc	1.0	1
KIF18B	lscc	1.0	1
KIF1C	lscc	-1.0	1
KIF20A	lscc	1.0	1
KIF20B	lscc		1
KIF21A	lscc	1.0	1
KIF22	lscc	1.0	1
KIF23	lscc	1.0	1
KIF4A	lscc	1.0	1
KIFC1	lscc	1.0	1
KLF5	lscc	1.0	1
KLHDC2	lscc	1.0	1
KLHDC3	lscc	1.0	1
KLHDC7B	lscc	-1.0	1
KLHL12	lscc	1.0	1
KLHL22	lscc		1
KLHL5	lscc	-1.0	1
KLHL6	lscc	-1.0	1
KMT2B	lscc	1.0	1
KNL1	lscc	1.0	1
KNOP1	lscc	1.0	1
KNSTRN	lscc	1.0	1
KNTC1	lscc	1.0	1
KPNA1	lscc	1.0	1
KPNA2	lscc	1.0	1
KPNA4	lscc	1.0	1
KPNB1	lscc	1.0	1
KRR1	lscc	1.0	1
KRTCAP3	lscc	1.0	1
KYAT3	lscc	-1.0	1
L2HGDH	lscc	1.0	1
L3MBTL2	lscc	1.0	1
L3MBTL3	lscc		1
LACTB	lscc	-1.0	1
LAIR1	lscc	-1.0	1
LAMB2	lscc	-1.0	1
LAMP3	lscc	-1.0	1
LAP3	lscc	-1.0	1
LAPTM5	lscc	-1.0	1
LARP7	lscc	1.0	1
LAS1L	lscc	1.0	1
LAT2	lscc		1
LAX1	lscc	-1.0	1
LBH	lscc	-1.0	1
LBR	lscc	1.0	1
LCK	lscc	-1.0	1
LCP1	lscc	-1.0	1
LCP2	lscc	-1.0	1
LEMD3	lscc	1.0	1
LENG8	lscc	1.0	1
LEO1	lscc	1.0	1
LGALS1	lscc	-1.0	1
LGALS2	lscc	-1.0	1
LGALS9	lscc	-1.0	1
LGMN	lscc	-1.0	1
LHPP	lscc	-1.0	1
LIG3	lscc	1.0	1
LILRB1	lscc	-1.0	1
LILRB2	lscc	-1.0	1
LIMD1	lscc	-1.0	1
LIMD2	lscc	-1.0	1
LIMK1	lscc	-1.0	1
LIN37	lscc	1.0	1
LIN52	lscc	1.0	1
LIN54	lscc	1.0	1
LIPA	lscc	-1.0	1
LLPH	lscc	1.0	1
LMAN1	lscc	-1.0	1
LMAN2	lscc	-1.0	1
LMF1	lscc	-1.0	1
LMF2	lscc	-1.0	1
LMO4	lscc	1.0	1
LNPEP	lscc	-1.0	1
LPCAT1	lscc	-1.0	1
LPCAT2	lscc	-1.0	1
LPCAT3	lscc	-1.0	1
LPXN	lscc	-1.0	1
LRCH1	lscc	-1.0	1
LRCH4	lscc	-1.0	1
LRP1	lscc	-1.0	1
LRP11	lscc	1.0	1
LRPAP1	lscc	-1.0	1
LRPPRC	lscc	1.0	1
LRR1	lscc		1
LRRC1	lscc	1.0	1
LRRC14	lscc	-1.0	1
LRRC25	lscc	-1.0	1
LRRC42	lscc	1.0	1
LRRC45	lscc	-1.0	1
LRRC8C	lscc	-1.0	1
LRRK1	lscc	-1.0	1
LRRK2	lscc		1
LRWD1	lscc	1.0	1
LSAMP	lscc	-1.0	1
LSG1	lscc	1.0	1
LSM12	lscc	1.0	1
LSM14A	lscc	1.0	1
LSM2	lscc	1.0	1
LSM3	lscc	1.0	1
LSM4	lscc	1.0	1
LSM7	lscc	1.0	1
LSP1	lscc	-1.0	1
LTA4H	lscc	-1.0	1
LUC7L2	lscc	1.0	1
LUC7L3	lscc	1.0	1
LXN	lscc	-1.0	1
LY75	lscc	-1.0	1
LYRM2	lscc	1.0	1
LYSMD1	lscc	1.0	1
LYSMD2	lscc	-1.0	1
LYSMD3	lscc	-1.0	1
LYST	lscc	-1.0	1
MACO1	lscc	-1.0	1
MACROD1	lscc	1.0	1
MAD1L1	lscc	1.0	1
MAD2L1	lscc	1.0	1
MAD2L1BP	lscc	1.0	1
MAD2L2	lscc	1.0	1
MAEA	lscc	1.0	1
MAFB	lscc	-1.0	1
MAFG	lscc		1
MAIP1	lscc	1.0	1
MALSU1	lscc	1.0	1
MAMDC2	lscc	-1.0	1
MAN1A1	lscc	-1.0	1
MAN2A2	lscc	1.0	1
MAN2C1	lscc	-1.0	1
MANF	lscc	-1.0	1
MAOB	lscc	-1.0	1
MAP10	lscc	-1.0	1
MAP11	lscc	-1.0	1
MAP3K11	lscc	-1.0	1
MAP3K3	lscc	-1.0	1
MAP3K5	lscc	-1.0	1
MAP3K8	lscc	-1.0	1
MAP4K1	lscc	-1.0	1
MAP7	lscc	1.0	1
MAPK11	lscc	-1.0	1
MAPKAP1	lscc	1.0	1
MAPKAPK3	lscc	-1.0	1
MAPKAPK5	lscc		1
MARS2	lscc	1.0	1
MAST2	lscc	-1.0	1
MAST3	lscc	-1.0	1
MAST4	lscc		1
MAT1A	lscc	1.0	1
MAU2	lscc	1.0	1
MBD1	lscc	-1.0	1
MBD3	lscc	1.0	1
MBIP	lscc	1.0	1
MBP	lscc	-1.0	1
MBTD1	lscc		1
MCAT	lscc	1.0	1
MCCC1	lscc	1.0	1
MCM2	lscc	1.0	1
MCM3	lscc	1.0	1
MCM3AP	lscc	1.0	1
MCM4	lscc	1.0	1
MCM5	lscc	1.0	1
MCM6	lscc	1.0	1
MCM7	lscc	1.0	1
MCMBP	lscc	1.0	1
MCRS1	lscc	1.0	1
MCTS1	lscc	1.0	1
MCTS2P	lscc	1.0	1
MCUR1	lscc	1.0	1
MDC1	lscc	1.0	1
MDH2	lscc	1.0	1
MDM1	lscc	-1.0	1
MDN1	lscc	1.0	1
MECP2	lscc	-1.0	1
MECR	lscc	1.0	1
MED1	lscc	1.0	1
MED13	lscc	1.0	1
MED14	lscc	1.0	1
MED16	lscc	1.0	1
MED18	lscc	1.0	1
MED20	lscc	1.0	1
MED22	lscc	1.0	1
MED23	lscc	1.0	1
MED24	lscc	1.0	1
MED25	lscc	1.0	1
MED27	lscc	1.0	1
MED29	lscc	1.0	1
MED31	lscc		1
MED4	lscc	1.0	1
MED6	lscc	1.0	1
MED8	lscc	1.0	1
MED9	lscc	1.0	1
MEF2C	lscc		1
MEFV	lscc	-1.0	1
MEN1	lscc	1.0	1
MEOX2	lscc	-1.0	1
MEPCE	lscc	1.0	1
MESD	lscc	-1.0	1
METAP1	lscc	1.0	1
METAP1D	lscc	1.0	1
METTL1	lscc	1.0	1
METTL15	lscc	1.0	1
METTL17	lscc	1.0	1
METTL2B	lscc	1.0	1
METTL3	lscc	1.0	1
METTL7A	lscc	-1.0	1
MFAP1	lscc	1.0	1
MFN1	lscc	1.0	1
MFSD10	lscc	-1.0	1
MGA	lscc	1.0	1
MGLL	lscc	-1.0	1
MGME1	lscc	1.0	1
MIB1	lscc	1.0	1
MICAL1	lscc	-1.0	1
MICALL2	lscc	-1.0	1
MILR1	lscc	-1.0	1
MINK1	lscc	-1.0	1
MIOS	lscc	-1.0	1
MIPEP	lscc	1.0	1
MIS18A	lscc	1.0	1
MISP3	lscc	-1.0	1
MITD1	lscc		1
MKI67	lscc	1.0	1
MKLN1	lscc	1.0	1
MLKL	lscc	-1.0	1
MLLT1	lscc	1.0	1
MLLT11	lscc		1
MMP24OS	lscc	-1.0	1
MMP9	lscc	-1.0	1
MMRN2	lscc	-1.0	1
MMS19	lscc	1.0	1
MMS22L	lscc	1.0	1
MNAT1	lscc	1.0	1
MNDA	lscc	-1.0	1
MOB3A	lscc	-1.0	1
MORC2	lscc		1
MORC4	lscc	1.0	1
MORF4L1	lscc	1.0	1
MORF4L2	lscc	1.0	1
MOXD1	lscc	-1.0	1
MPDU1	lscc	-1.0	1
MPEG1	lscc	-1.0	1
MPHOSPH10	lscc	1.0	1
MPHOSPH6	lscc	1.0	1
MPHOSPH8	lscc	1.0	1
MPLKIP	lscc	1.0	1
MPP1	lscc	-1.0	1
MRC1	lscc	-1.0	1
MRC2	lscc	-1.0	1
MREG	lscc	-1.0	1
MRGBP	lscc	1.0	1
MRM1	lscc	1.0	1
MRM3	lscc	1.0	1
MROH1	lscc	-1.0	1
MRPL1	lscc	1.0	1
MRPL10	lscc	1.0	1
MRPL11	lscc	1.0	1
MRPL13	lscc	1.0	1
MRPL14	lscc	1.0	1
MRPL15	lscc	1.0	1
MRPL16	lscc	1.0	1
MRPL17	lscc	1.0	1
MRPL18	lscc	1.0	1
MRPL19	lscc	1.0	1
MRPL2	lscc	1.0	1
MRPL20	lscc	1.0	1
MRPL21	lscc	1.0	1
MRPL22	lscc	1.0	1
MRPL23	lscc	1.0	1
MRPL24	lscc	1.0	1
MRPL27	lscc	1.0	1
MRPL28	lscc	1.0	1
MRPL3	lscc	1.0	1
MRPL32	lscc	1.0	1
MRPL33	lscc	1.0	1
MRPL35	lscc	1.0	1
MRPL37	lscc	1.0	1
MRPL38	lscc	1.0	1
MRPL39	lscc	1.0	1
MRPL4	lscc	1.0	1
MRPL40	lscc	1.0	1
MRPL41	lscc	1.0	1
MRPL42	lscc	1.0	1
MRPL44	lscc	1.0	1
MRPL45	lscc	1.0	1
MRPL46	lscc	1.0	1
MRPL47	lscc	1.0	1
MRPL48	lscc	1.0	1
MRPL49	lscc	1.0	1
MRPL50	lscc	1.0	1
MRPL53	lscc	1.0	1
MRPL54	lscc	1.0	1
MRPL55	lscc	1.0	1
MRPL57	lscc	1.0	1
MRPL58	lscc	1.0	1
MRPL9	lscc	1.0	1
MRPS10	lscc	1.0	1
MRPS11	lscc	1.0	1
MRPS12	lscc	1.0	1
MRPS14	lscc	1.0	1
MRPS15	lscc	1.0	1
MRPS16	lscc	1.0	1
MRPS18A	lscc	1.0	1
MRPS18B	lscc	1.0	1
MRPS18C	lscc	1.0	1
MRPS2	lscc	1.0	1
MRPS21	lscc	1.0	1
MRPS22	lscc	1.0	1
MRPS23	lscc	1.0	1
MRPS24	lscc	1.0	1
MRPS25	lscc	1.0	1
MRPS26	lscc	1.0	1
MRPS27	lscc	1.0	1
MRPS28	lscc	1.0	1
MRPS30	lscc	1.0	1
MRPS31	lscc	1.0	1
MRPS33	lscc	1.0	1
MRPS34	lscc	1.0	1
MRPS35	lscc	1.0	1
MRPS5	lscc	1.0	1
MRPS6	lscc	1.0	1
MRPS7	lscc	1.0	1
MRPS9	lscc	1.0	1
MRTFA	lscc	-1.0	1
MRTO4	lscc	1.0	1
MRVI1	lscc	-1.0	1
MS4A1	lscc	-1.0	1
MS4A6A	lscc	-1.0	1
MSH2	lscc	1.0	1
MSH6	lscc	1.0	1
MSL1	lscc	1.0	1
MSL2	lscc	1.0	1
MSL3	lscc	1.0	1
MSN	lscc	-1.0	1
MST1R	lscc	-1.0	1
MT1E	lscc		1
MT2A	lscc	-1.0	1
MTA1	lscc	1.0	1
MTBP	lscc		1
MTCH1	lscc	1.0	1
MTERF3	lscc	1.0	1
MTG1	lscc	1.0	1
MTHFD2	lscc	1.0	1
MTIF2	lscc	1.0	1
MTIF3	lscc	1.0	1
MTM1	lscc	-1.0	1
MTO1	lscc	1.0	1
MTPAP	lscc	1.0	1
MTR	lscc	-1.0	1
MTREX	lscc	1.0	1
MTX1	lscc	1.0	1
MTX2	lscc	1.0	1
MTX3	lscc	1.0	1
MUC1	lscc	-1.0	1
MVD	lscc	1.0	1
MVP	lscc	-1.0	1
MX2	lscc	-1.0	1
MYADM	lscc	-1.0	1
MYBBP1A	lscc	1.0	1
MYBL2	lscc	1.0	1
MYD88	lscc	-1.0	1
MYDGF	lscc	-1.0	1
MYO18A	lscc	-1.0	1
MYO1F	lscc	-1.0	1
MYO1G	lscc	-1.0	1
MYO9B	lscc	-1.0	1
MZB1	lscc	-1.0	1
MZT2A	lscc	1.0	1
NAA20	lscc	1.0	1
NAA25	lscc	1.0	1
NAA50	lscc	1.0	1
NAAA	lscc	-1.0	1
NABP2	lscc	1.0	1
NACA	lscc	1.0	1
NADK	lscc	-1.0	1
NAE1	lscc	1.0	1
NAF1	lscc	1.0	1
NAIP	lscc	-1.0	1
NANS	lscc	-1.0	1
NAPB	lscc	-1.0	1
NARF	lscc		1
NAT10	lscc	1.0	1
NAV3	lscc	-1.0	1
NAXE	lscc	1.0	1
NBAS	lscc	-1.0	1
NBEAL1	lscc	-1.0	1
NBEAL2	lscc	-1.0	1
NCALD	lscc	-1.0	1
NCAM2	lscc	-1.0	1
NCAPD2	lscc	1.0	1
NCAPD3	lscc	1.0	1
NCAPG	lscc	1.0	1
NCAPH	lscc	1.0	1
NCAPH2	lscc	1.0	1
NCBP2	lscc	1.0	1
NCF1	lscc	-1.0	1
NCF2	lscc	-1.0	1
NCF4	lscc	-1.0	1
NCKAP1L	lscc	-1.0	1
NCL	lscc	1.0	1
NCOA1	lscc	1.0	1
NCOA5	lscc	1.0	1
NDC1	lscc	1.0	1
NDC80	lscc	1.0	1
NDNF	lscc	-1.0	1
NDRG4	lscc	1.0	1
NDUFAB1	lscc	1.0	1
NDUFAF1	lscc	1.0	1
NDUFAF4	lscc	1.0	1
NDUFAF7	lscc	1.0	1
NECAP2	lscc	-1.0	1
NECTIN4	lscc		1
NEDD1	lscc	1.0	1
NEK6	lscc	-1.0	1
NEK9	lscc	-1.0	1
NELFA	lscc	1.0	1
NELFB	lscc	1.0	1
NELFCD	lscc	1.0	1
NELFE	lscc	1.0	1
NEMP1	lscc	1.0	1
NEPRO	lscc	1.0	1
NES	lscc	-1.0	1
NFATC2	lscc	-1.0	1
NFATC2IP	lscc	1.0	1
NFIL3	lscc	1.0	1
NFKB1	lscc	-1.0	1
NFKBIB	lscc	1.0	1
NFKBIE	lscc	-1.0	1
NFS1	lscc	1.0	1
NFYA	lscc	1.0	1
NFYB	lscc	1.0	1
NFYC	lscc	1.0	1
NGDN	lscc	1.0	1
NHLRC2	lscc	1.0	1
NHP2	lscc	1.0	1
NIFK	lscc	1.0	1
NIN	lscc		1
NINJ1	lscc	-1.0	1
NINJ2	lscc	-1.0	1
NIP7	lscc	1.0	1
NIPBL	lscc	1.0	1
NIPSNAP1	lscc	1.0	1
NIT2	lscc	1.0	1
NKRF	lscc	1.0	1
NKTR	lscc	1.0	1
NLE1	lscc	1.0	1
NLN	lscc	1.0	1
NLRC3	lscc		1
NLRC4	lscc		1
NLRC5	lscc	-1.0	1
NLRP1	lscc	-1.0	1
NMD3	lscc	1.0	1
NME1	lscc	1.0	1
NME6	lscc	1.0	1
NMNAT3	lscc	1.0	1
NMT1	lscc	1.0	1
NNMT	lscc	-1.0	1
NOB1	lscc	1.0	1
NOC2L	lscc	1.0	1
NOC3L	lscc	1.0	1
NOL10	lscc	1.0	1
NOL11	lscc	1.0	1
NOL6	lscc	1.0	1
NOL7	lscc	1.0	1
NOL8	lscc	1.0	1
NOL9	lscc	1.0	1
NOM1	lscc	1.0	1
NONO	lscc	1.0	1
NOP10	lscc	1.0	1
NOP14	lscc	1.0	1
NOP16	lscc	1.0	1
NOP53	lscc	1.0	1
NOP56	lscc	1.0	1
NOP58	lscc	1.0	1
NOP9	lscc	1.0	1
NOS1AP	lscc	1.0	1
NOS3	lscc	-1.0	1
NOSTRIN	lscc	-1.0	1
NPC2	lscc	-1.0	1
NPEPPS	lscc	1.0	1
NPM1	lscc	1.0	1
NPM3	lscc	1.0	1
NR2F6	lscc	1.0	1
NRCAM	lscc		1
NRIP2	lscc	-1.0	1
NSA2	lscc	1.0	1
NSD1	lscc	1.0	1
NSMAF	lscc	-1.0	1
NSMCE1	lscc	1.0	1
NSMCE2	lscc	1.0	1
NSUN2	lscc	1.0	1
NSUN3	lscc		1
NSUN5	lscc	1.0	1
NT5C3B	lscc	1.0	1
NT5DC2	lscc	1.0	1
NT5DC3	lscc	1.0	1
NTAN1	lscc	-1.0	1
NTHL1	lscc	1.0	1
NTPCR	lscc	1.0	1
NUBP1	lscc	-1.0	1
NUCKS1	lscc	1.0	1
NUDC	lscc	1.0	1
NUDCD1	lscc	1.0	1
NUDT21	lscc	1.0	1
NUF2	lscc	1.0	1
NUFIP2	lscc	1.0	1
NUP107	lscc	1.0	1
NUP133	lscc	1.0	1
NUP153	lscc	1.0	1
NUP155	lscc	1.0	1
NUP160	lscc	1.0	1
NUP188	lscc	1.0	1
NUP205	lscc	1.0	1
NUP35	lscc	1.0	1
NUP37	lscc	1.0	1
NUP43	lscc	1.0	1
NUP54	lscc	1.0	1
NUP58	lscc	1.0	1
NUP62	lscc	1.0	1
NUP85	lscc	1.0	1
NUP88	lscc	1.0	1
NUP93	lscc	1.0	1
NUP98	lscc	1.0	1
NVL	lscc	1.0	1
NXF1	lscc	1.0	1
OARD1	lscc	1.0	1
OAS2	lscc	-1.0	1
ODF3B	lscc	-1.0	1
OGA	lscc	1.0	1
OGFOD1	lscc	1.0	1
OLA1	lscc	1.0	1
OLFML1	lscc	-1.0	1
OPA1	lscc	1.0	1
ORC1	lscc	1.0	1
ORC4	lscc	1.0	1
ORC5	lscc	1.0	1
ORC6	lscc		1
OSBPL5	lscc	-1.0	1
OSBPL7	lscc	-1.0	1
OTUD7B	lscc	1.0	1
OTULINL	lscc	-1.0	1
OXA1L	lscc	1.0	1
P2RX1	lscc		1
P2RX7	lscc	-1.0	1
P4HB	lscc	-1.0	1
PA2G4	lscc	1.0	1
PABPC1	lscc	1.0	1
PABPN1	lscc	1.0	1
PACRGL	lscc	1.0	1
PACS1	lscc	-1.0	1
PAF1	lscc	1.0	1
PAFAH1B3	lscc	1.0	1
PAFAH2	lscc	-1.0	1
PAG1	lscc	-1.0	1
PAICS	lscc	1.0	1
PAK1IP1	lscc	1.0	1
PAK4	lscc	1.0	1
PALD1	lscc	-1.0	1
PALMD	lscc	-1.0	1
PANK2	lscc	-1.0	1
PAPLN	lscc	-1.0	1
PAPOLG	lscc	1.0	1
PARD3B	lscc	-1.0	1
PARG	lscc	1.0	1
PARM1	lscc		1
PARN	lscc	1.0	1
PARP1	lscc	1.0	1
PARP10	lscc		1
PARP14	lscc	-1.0	1
PARP2	lscc		1
PARP4	lscc	-1.0	1
PARS2	lscc	1.0	1
PARVA	lscc	-1.0	1
PARVB	lscc	-1.0	1
PARVG	lscc	-1.0	1
PAWR	lscc	1.0	1
PAXBP1	lscc	1.0	1
PBRM1	lscc	1.0	1
PCBP1	lscc	1.0	1
PCDH7	lscc	-1.0	1
PCDHGC3	lscc		1
PCED1B	lscc	-1.0	1
PCF11	lscc	1.0	1
PCGF6	lscc		1
PCID2	lscc	1.0	1
PCNA	lscc	1.0	1
PCYT1A	lscc	1.0	1
PDAP1	lscc	1.0	1
PDCD11	lscc	1.0	1
PDCD1LG2	lscc	-1.0	1
PDCD2	lscc	1.0	1
PDCD2L	lscc	1.0	1
PDCD4	lscc	1.0	1
PDCD5	lscc	1.0	1
PDCD7	lscc	1.0	1
PDCL3	lscc	1.0	1
PDE2A	lscc	-1.0	1
PDE3B	lscc	-1.0	1
PDF	lscc	1.0	1
PDGFRB	lscc	-1.0	1
PDIA3	lscc	-1.0	1
PDIA5	lscc	-1.0	1
PDPK1	lscc	-1.0	1
PDPR	lscc	1.0	1
PDXK	lscc	-1.0	1
PDZD11	lscc	1.0	1
PEAK1	lscc	-1.0	1
PEAR1	lscc	-1.0	1
PECAM1	lscc	-1.0	1
PECR	lscc	-1.0	1
PELP1	lscc	1.0	1
PES1	lscc	1.0	1
PEX12	lscc	1.0	1
PEX2	lscc	1.0	1
PFDN2	lscc	1.0	1
PFDN4	lscc	1.0	1
PFDN5	lscc	1.0	1
PFDN6	lscc	1.0	1
PFKM	lscc	1.0	1
PFN1	lscc	-1.0	1
PGD	lscc	1.0	1
PGM2	lscc	-1.0	1
PHACTR1	lscc		1
PHACTR2	lscc	-1.0	1
PHB	lscc	1.0	1
PHB2	lscc	1.0	1
PHC3	lscc	1.0	1
PHF10	lscc	1.0	1
PHF11	lscc	-1.0	1
PHF14	lscc		1
PHF3	lscc	1.0	1
PHF5A	lscc	1.0	1
PHF6	lscc	1.0	1
PHIP	lscc	1.0	1
PHKA1	lscc	1.0	1
PHPT1	lscc	-1.0	1
PHYHD1	lscc	-1.0	1
PHYKPL	lscc	-1.0	1
PIAS4	lscc	1.0	1
PICALM	lscc	-1.0	1
PIGR	lscc	-1.0	1
PIGX	lscc	1.0	1
PIH1D1	lscc	1.0	1
PIK3AP1	lscc	-1.0	1
PIK3CA	lscc	1.0	1
PIK3CD	lscc	-1.0	1
PIK3R1	lscc	-1.0	1
PIK3R5	lscc	-1.0	1
PIK3R6	lscc	-1.0	1
PILRA	lscc	-1.0	1
PIMREG	lscc		1
PIN4	lscc	1.0	1
PIP4K2A	lscc	-1.0	1
PIP4K2C	lscc	1.0	1
PIP5K1C	lscc	-1.0	1
PIR	lscc	1.0	1
PITPNA	lscc	-1.0	1
PITPNC1	lscc		1
PITPNM1	lscc	-1.0	1
PKIA	lscc		1
PKIG	lscc	-1.0	1
PKN1	lscc	-1.0	1
PKN2	lscc	1.0	1
PLA2G4C	lscc	-1.0	1
PLA2G7	lscc	-1.0	1
PLCB2	lscc	-1.0	1
PLCG2	lscc	-1.0	1
PLCXD3	lscc		1
PLD4	lscc		1
PLEK	lscc	-1.0	1
PLEKHA4	lscc	-1.0	1
PLEKHF1	lscc	-1.0	1
PLEKHG4	lscc	1.0	1
PLEKHM2	lscc		1
PLEKHO1	lscc	-1.0	1
PLEKHO2	lscc	-1.0	1
PLVAP	lscc	-1.0	1
PLXNA2	lscc	1.0	1
PLXNC1	lscc	-1.0	1
PLXND1	lscc	-1.0	1
PMPCA	lscc	1.0	1
PMPCB	lscc	1.0	1
PMVK	lscc	1.0	1
PNISR	lscc	1.0	1
PNN	lscc	1.0	1
PNO1	lscc	1.0	1
PNPT1	lscc	1.0	1
POGK	lscc	1.0	1
POGZ	lscc	1.0	1
POLA1	lscc	1.0	1
POLA2	lscc	1.0	1
POLD1	lscc	1.0	1
POLD2	lscc	1.0	1
POLD3	lscc	1.0	1
POLDIP2	lscc	1.0	1
POLE	lscc	1.0	1
POLE3	lscc	1.0	1
POLE4	lscc	1.0	1
POLG2	lscc	1.0	1
POLR1B	lscc	1.0	1
POLR1C	lscc	1.0	1
POLR1E	lscc	1.0	1
POLR2A	lscc	1.0	1
POLR2B	lscc	1.0	1
POLR2C	lscc	1.0	1
POLR2D	lscc	1.0	1
POLR2E	lscc	1.0	1
POLR2G	lscc	1.0	1
POLR2H	lscc	1.0	1
POLR3A	lscc	1.0	1
POLR3C	lscc	1.0	1
POLR3E	lscc	1.0	1
POLR3F	lscc	1.0	1
POLR3H	lscc	1.0	1
POLR3K	lscc	1.0	1
POM121C	lscc	1.0	1
POMK	lscc	1.0	1
PON3	lscc		1
POP1	lscc	1.0	1
POP7	lscc	1.0	1
POTEJ	lscc	-1.0	1
POU2AF1	lscc	-1.0	1
POU2F2	lscc		1
PPID	lscc	1.0	1
PPIF	lscc	1.0	1
PPIG	lscc	1.0	1
PPIH	lscc	1.0	1
PPIL1	lscc	1.0	1
PPM1D	lscc	1.0	1
PPM1E	lscc	1.0	1
PPM1G	lscc	1.0	1
PPM1K	lscc	-1.0	1
PPM1M	lscc		1
PPME1	lscc	1.0	1
PPP1CB	lscc	1.0	1
PPP1R10	lscc	1.0	1
PPP1R12C	lscc	-1.0	1
PPP1R16B	lscc	-1.0	1
PPP1R35	lscc	1.0	1
PPP1R9B	lscc	-1.0	1
PPP2R5B	lscc	-1.0	1
PPP2R5D	lscc	1.0	1
PPP3CB	lscc	-1.0	1
PPP4C	lscc	1.0	1
PPP4R2	lscc	1.0	1
PPP4R3B	lscc	1.0	1
PPP6R1	lscc	-1.0	1
PPP6R3	lscc	1.0	1
PQBP1	lscc	1.0	1
PRAM1	lscc	-1.0	1
PRAME	lscc	1.0	1
PRCC	lscc	1.0	1
PRDM1	lscc	-1.0	1
PRDX4	lscc	-1.0	1
PRDX6	lscc	1.0	1
PRELID3B	lscc		1
PREX1	lscc	-1.0	1
PRF1	lscc		1
PRG2	lscc	-1.0	1
PRG3	lscc	-1.0	1
PRIM1	lscc	1.0	1
PRIM2	lscc	1.0	1
PRKAA2	lscc	1.0	1
PRKCA	lscc	-1.0	1
PRKCB	lscc	-1.0	1
PRKCD	lscc	-1.0	1
PRKCH	lscc	-1.0	1
PRKCI	lscc	1.0	1
PRKCQ	lscc	-1.0	1
PRKD2	lscc	-1.0	1
PRMT1	lscc	1.0	1
PRMT3	lscc	1.0	1
PRMT5	lscc	1.0	1
PRPF19	lscc	1.0	1
PRPF3	lscc	1.0	1
PRPF31	lscc	1.0	1
PRPF38A	lscc	1.0	1
PRPF39	lscc	1.0	1
PRPF4	lscc	1.0	1
PRPF40A	lscc	1.0	1
PRPF4B	lscc	1.0	1
PRPF6	lscc	1.0	1
PRPF8	lscc	1.0	1
PRR14L	lscc	1.0	1
PRR36	lscc	1.0	1
PRRC1	lscc	-1.0	1
PRRC2A	lscc	1.0	1
PRRC2B	lscc	1.0	1
PRRC2C	lscc	1.0	1
PRRX1	lscc	-1.0	1
PRUNE1	lscc	1.0	1
PRXL2A	lscc	1.0	1
PSAP	lscc	-1.0	1
PSAT1	lscc	1.0	1
PSD4	lscc	-1.0	1
PSMA8	lscc	-1.0	1
PSMB10	lscc	-1.0	1
PSMB5	lscc	1.0	1
PSMB6	lscc	1.0	1
PSMB7	lscc	1.0	1
PSMB8	lscc		1
PSMB9	lscc	-1.0	1
PSMC1	lscc	1.0	1
PSMC2	lscc	1.0	1
PSMC3	lscc	1.0	1
PSMC3IP	lscc	1.0	1
PSMC4	lscc	1.0	1
PSMC5	lscc	1.0	1
PSMC6	lscc	1.0	1
PSMD11	lscc	1.0	1
PSMD12	lscc	1.0	1
PSMD14	lscc	1.0	1
PSMD2	lscc	1.0	1
PSMD3	lscc	1.0	1
PSMD6	lscc	1.0	1
PSMD7	lscc	1.0	1
PSMD8	lscc	1.0	1
PSME1	lscc	-1.0	1
PSME2	lscc	-1.0	1
PSME3	lscc	1.0	1
PSME4	lscc	1.0	1
PSMG4	lscc	1.0	1
PSPC1	lscc	1.0	1
PSTPIP1	lscc	-1.0	1
PSTPIP2	lscc	-1.0	1
PTAFR	lscc	-1.0	1
PTCD3	lscc	1.0	1
PTDSS1	lscc	1.0	1
PTGES3	lscc	1.0	1
PTGIS	lscc	-1.0	1
PTGS1	lscc	-1.0	1
PTP4A1	lscc	1.0	1
PTP4A3	lscc	-1.0	1
PTPN1	lscc	-1.0	1
PTPN18	lscc	-1.0	1
PTPN22	lscc	-1.0	1
PTPN6	lscc	-1.0	1
PTPN7	lscc	-1.0	1
PTPN9	lscc	-1.0	1
PTPRB	lscc		1
PTPRC	lscc	-1.0	1
PTPRCAP	lscc	-1.0	1
PTPRE	lscc	-1.0	1
PTPRF	lscc	1.0	1
PTPRJ	lscc	-1.0	1
PTPRM	lscc		1
PTPRO	lscc	-1.0	1
PUM2	lscc	1.0	1
PUM3	lscc	1.0	1
PUS1	lscc	1.0	1
PUS10	lscc	1.0	1
PUS7	lscc	1.0	1
PWP1	lscc	1.0	1
PXK	lscc	-1.0	1
PXMP2	lscc	1.0	1
PYCR2	lscc	1.0	1
PYGB	lscc	-1.0	1
PYGL	lscc	-1.0	1
PYGM	lscc	-1.0	1
PYHIN1	lscc	-1.0	1
QTRT1	lscc	1.0	1
QTRT2	lscc	1.0	1
R3HDM1	lscc	1.0	1
RAB11FIP4	lscc	-1.0	1
RAB20	lscc	-1.0	1
RAB24	lscc	-1.0	1
RAB25	lscc	1.0	1
RAB27A	lscc	-1.0	1
RAB27B	lscc	-1.0	1
RAB30	lscc	-1.0	1
RAB31	lscc	-1.0	1
RAB32	lscc	-1.0	1
RAB37	lscc		1
RAB3D	lscc	-1.0	1
RAB3IP	lscc	1.0	1
RAB44	lscc	-1.0	1
RAB5IF	lscc	1.0	1
RAB6B	lscc	1.0	1
RAB8A	lscc	-1.0	1
RAB8B	lscc	-1.0	1
RAB9A	lscc	-1.0	1
RABEP1	lscc	-1.0	1
RABGEF1	lscc	-1.0	1
RABGGTA	lscc	-1.0	1
RABGGTB	lscc	-1.0	1
RAC2	lscc	-1.0	1
RACGAP1	lscc	1.0	1
RAD1	lscc	1.0	1
RAD18	lscc	1.0	1
RAD21	lscc	1.0	1
RAD50	lscc	1.0	1
RAD51	lscc	1.0	1
RAD51C	lscc	1.0	1
RAD9A	lscc	1.0	1
RAE1	lscc	1.0	1
RAMP2	lscc	-1.0	1
RAN	lscc	1.0	1
RANBP1	lscc	1.0	1
RANBP2	lscc	1.0	1
RANGAP1	lscc	1.0	1
RAP1A	lscc	-1.0	1
RAP1GAP	lscc	1.0	1
RAPGEF1	lscc	-1.0	1
RARS2	lscc	1.0	1
RASA3	lscc	-1.0	1
RASAL1	lscc	1.0	1
RASAL3	lscc	-1.0	1
RASGRP1	lscc	-1.0	1
RASGRP3	lscc	-1.0	1
RASIP1	lscc	-1.0	1
RASL12	lscc	-1.0	1
RASSF2	lscc	-1.0	1
RASSF4	lscc	-1.0	1
RBBP5	lscc	1.0	1
RBBP6	lscc	1.0	1
RBBP8NL	lscc	1.0	1
RBBP9	lscc	-1.0	1
RBL1	lscc	1.0	1
RBM12	lscc	1.0	1
RBM12B	lscc	1.0	1
RBM14	lscc	1.0	1
RBM15	lscc	1.0	1
RBM15B	lscc	1.0	1
RBM17	lscc	1.0	1
RBM19	lscc	1.0	1
RBM22	lscc	1.0	1
RBM23	lscc	1.0	1
RBM25	lscc	1.0	1
RBM27	lscc	1.0	1
RBM28	lscc	1.0	1
RBM33	lscc	1.0	1
RBM34	lscc	1.0	1
RBM38	lscc	1.0	1
RBM39	lscc	1.0	1
RBM42	lscc	1.0	1
RBM7	lscc	1.0	1
RBMS2	lscc	-1.0	1
RBMX	lscc	1.0	1
RBMX2	lscc	1.0	1
RBP5	lscc	-1.0	1
RCBTB2	lscc	-1.0	1
RCC1L	lscc	1.0	1
RCC2	lscc	1.0	1
RCL1	lscc	1.0	1
RCN1	lscc	-1.0	1
RCOR1	lscc	1.0	1
RCOR2	lscc	1.0	1
RCSD1	lscc	-1.0	1
RECQL4	lscc	1.0	1
RECQL5	lscc	1.0	1
REEP1	lscc		1
REEP5	lscc	-1.0	1
RER1	lscc	-1.0	1
RERE	lscc	1.0	1
REST	lscc	1.0	1
REXO4	lscc	1.0	1
RFC2	lscc	1.0	1
RFC3	lscc	1.0	1
RFC4	lscc	1.0	1
RFC5	lscc	1.0	1
RFT1	lscc	-1.0	1
RFTN1	lscc	-1.0	1
RFWD3	lscc		1
RGN	lscc	-1.0	1
RGS10	lscc		1
RGS14	lscc	-1.0	1
RGS18	lscc	-1.0	1
RGS19	lscc	-1.0	1
RGS3	lscc		1
RHOF	lscc	-1.0	1
RHOG	lscc	-1.0	1
RHOH	lscc	-1.0	1
RIC8B	lscc	1.0	1
RICTOR	lscc	1.0	1
RIF1	lscc	1.0	1
RILP	lscc	-1.0	1
RIN3	lscc	-1.0	1
RINT1	lscc	-1.0	1
RIOK1	lscc	1.0	1
RIOK3	lscc	1.0	1
RIPK1	lscc	-1.0	1
RIPK2	lscc	-1.0	1
RIPK3	lscc	-1.0	1
RIPOR1	lscc	-1.0	1
RIPOR2	lscc	-1.0	1
RLF	lscc		1
RMDN2	lscc	-1.0	1
RMND1	lscc	1.0	1
RMND5A	lscc	1.0	1
RNASE6	lscc	-1.0	1
RNF168	lscc	1.0	1
RNF2	lscc	1.0	1
RNF20	lscc	1.0	1
RNF40	lscc	1.0	1
RNF7	lscc	1.0	1
RNGTT	lscc	1.0	1
RNH1	lscc	-1.0	1
RNMT	lscc	1.0	1
RNPC3	lscc		1
RNPS1	lscc	1.0	1
ROBO4	lscc	-1.0	1
ROGDI	lscc	-1.0	1
ROR2	lscc	-1.0	1
RPA1	lscc	1.0	1
RPA2	lscc	1.0	1
RPA3	lscc	1.0	1
RPAP3	lscc	1.0	1
RPF1	lscc	1.0	1
RPF2	lscc	1.0	1
RPL10A	lscc	1.0	1
RPL22	lscc	1.0	1
RPL23	lscc	1.0	1
RPL30	lscc	1.0	1
RPL34	lscc	-1.0	1
RPL36AL	lscc	-1.0	1
RPL7L1	lscc	1.0	1
RPLP0	lscc	1.0	1
RPP14	lscc	1.0	1
RPP25	lscc	1.0	1
RPP30	lscc	1.0	1
RPP38	lscc	1.0	1
RPP40	lscc	1.0	1
RPRD1B	lscc	1.0	1
RPS10	lscc	1.0	1
RPS12	lscc	1.0	1
RPS19	lscc	1.0	1
RPS19BP1	lscc	1.0	1
RPS2	lscc	1.0	1
RPS20	lscc	1.0	1
RPS25	lscc	1.0	1
RPS27L	lscc	-1.0	1
RPS7	lscc	1.0	1
RPTOR	lscc	1.0	1
RPUSD2	lscc	1.0	1
RPUSD4	lscc	1.0	1
RRAD	lscc	-1.0	1
RRAS	lscc	-1.0	1
RREB1	lscc	1.0	1
RRM2	lscc	1.0	1
RRP1	lscc	1.0	1
RRP12	lscc	1.0	1
RRP15	lscc	1.0	1
RRP1B	lscc	1.0	1
RRP36	lscc	1.0	1
RRP7A	lscc	1.0	1
RRP8	lscc	1.0	1
RRP9	lscc	1.0	1
RRS1	lscc	1.0	1
RSBN1L	lscc	1.0	1
RSF1	lscc	1.0	1
RSL1D1	lscc	1.0	1
RSL24D1	lscc	1.0	1
RSPH1	lscc	-1.0	1
RSPH4A	lscc	-1.0	1
RSRC1	lscc	1.0	1
RSRC2	lscc	1.0	1
RTCB	lscc	1.0	1
RTF1	lscc	1.0	1
RUFY1	lscc	-1.0	1
RUFY2	lscc	-1.0	1
RUNX3	lscc	-1.0	1
RUVBL1	lscc	1.0	1
RUVBL2	lscc	1.0	1
RXRB	lscc	1.0	1
S100A4	lscc	-1.0	1
S100A8	lscc	-1.0	1
S100A9	lscc	-1.0	1
S1PR2	lscc		1
SAC3D1	lscc		1
SACM1L	lscc	-1.0	1
SAE1	lscc	1.0	1
SAFB	lscc	1.0	1
SAFB2	lscc	1.0	1
SAMD12	lscc	1.0	1
SAMD4B	lscc	1.0	1
SAMD9L	lscc	-1.0	1
SAMHD1	lscc	-1.0	1
SAMM50	lscc	1.0	1
SAMSN1	lscc	-1.0	1
SAP130	lscc	1.0	1
SAP18	lscc	1.0	1
SAP30	lscc	1.0	1
SAP30BP	lscc	1.0	1
SAR1A	lscc	-1.0	1
SAR1B	lscc	-1.0	1
SARS2	lscc	1.0	1
SART1	lscc	1.0	1
SASH3	lscc	-1.0	1
SBDS	lscc	1.0	1
SBNO1	lscc	1.0	1
SCAF1	lscc	1.0	1
SCAF11	lscc	1.0	1
SCAF4	lscc	1.0	1
SCAF8	lscc	1.0	1
SCAMP2	lscc	-1.0	1
SCAPER	lscc	1.0	1
SCARB2	lscc	-1.0	1
SCARF1	lscc	-1.0	1
SCFD1	lscc	-1.0	1
SCFD2	lscc	-1.0	1
SCIMP	lscc		1
SCIN	lscc	1.0	1
SCLY	lscc	-1.0	1
SCML2	lscc		1
SCNM1	lscc	1.0	1
SCOC	lscc	1.0	1
SCUBE1	lscc		1
SCYL1	lscc	-1.0	1
SCYL2	lscc	1.0	1
SDE2	lscc	1.0	1
SDF2L1	lscc	-1.0	1
SDHA	lscc	1.0	1
SDHB	lscc	1.0	1
SDR16C5	lscc	-1.0	1
SDSL	lscc	-1.0	1
SEC11A	lscc	-1.0	1
SEC11C	lscc	-1.0	1
SEC13	lscc	-1.0	1
SEC14L1	lscc	-1.0	1
SEC23A	lscc	-1.0	1
SEC24A	lscc	-1.0	1
SEC24D	lscc	-1.0	1
SEC31A	lscc	-1.0	1
SEC61B	lscc	-1.0	1
SEC61G	lscc	-1.0	1
SECISBP2L	lscc		1
SEH1L	lscc	1.0	1
SEL1L	lscc	-1.0	1
SEL1L3	lscc	-1.0	1
SELENBP1	lscc	-1.0	1
SELENOF	lscc	-1.0	1
SELENOI	lscc	1.0	1
SELENOK	lscc	-1.0	1
SELENOM	lscc	-1.0	1
SELENOW	lscc	-1.0	1
SELL	lscc	-1.0	1
SEMA4A	lscc	-1.0	1
SENP1	lscc		1
SENP2	lscc	1.0	1
SENP5	lscc	1.0	1
SENP6	lscc	1.0	1
SEPSECS	lscc	-1.0	1
SERPINA5	lscc	-1.0	1
SERPINB1	lscc	-1.0	1
SERPINB9	lscc	-1.0	1
SETDB1	lscc	1.0	1
SF3A1	lscc	1.0	1
SF3A2	lscc	1.0	1
SF3A3	lscc	1.0	1
SF3B1	lscc	1.0	1
SF3B2	lscc	1.0	1
SF3B3	lscc	1.0	1
SF3B4	lscc	1.0	1
SF3B5	lscc	1.0	1
SF3B6	lscc	1.0	1
SFMBT1	lscc	1.0	1
SFPQ	lscc	1.0	1
SFSWAP	lscc	1.0	1
SFXN1	lscc	1.0	1
SFXN3	lscc		1
SGF29	lscc	1.0	1
SGO2	lscc	1.0	1
SGPP1	lscc	-1.0	1
SGTA	lscc	1.0	1
SGTB	lscc		1
SH2B2	lscc	-1.0	1
SH2D1A	lscc	-1.0	1
SH2D2A	lscc	-1.0	1
SH2D3C	lscc	-1.0	1
SH3BGRL	lscc	-1.0	1
SH3BGRL2	lscc	1.0	1
SH3BGRL3	lscc	-1.0	1
SH3BP5L	lscc	1.0	1
SH3TC1	lscc	-1.0	1
SHANK3	lscc	-1.0	1
SHE	lscc	-1.0	1
SHMT2	lscc	1.0	1
SHPRH	lscc	1.0	1
SHROOM4	lscc	-1.0	1
SHTN1	lscc	1.0	1
SIAH2	lscc	1.0	1
SIDT2	lscc	-1.0	1
SIGIRR	lscc	-1.0	1
SIGLEC1	lscc	-1.0	1
SIGLEC10	lscc	-1.0	1
SIGLEC7	lscc		1
SIKE1	lscc	-1.0	1
SIN3A	lscc	1.0	1
SINHCAF	lscc		1
SIPA1	lscc	-1.0	1
SIPA1L3	lscc	1.0	1
SIX1	lscc	1.0	1
SIX4	lscc	1.0	1
SKA1	lscc	1.0	1
SKA2	lscc	1.0	1
SKA3	lscc	1.0	1
SKAP1	lscc	-1.0	1
SKAP2	lscc	-1.0	1
SKP1	lscc	1.0	1
SKP2	lscc		1
SLAMF7	lscc		1
SLBP	lscc	1.0	1
SLC11A2	lscc	1.0	1
SLC15A3	lscc	-1.0	1
SLC15A4	lscc	-1.0	1
SLC16A7	lscc	-1.0	1
SLC25A13	lscc	1.0	1
SLC25A20	lscc	-1.0	1
SLC25A21	lscc	1.0	1
SLC25A36	lscc		1
SLC25A42	lscc	-1.0	1
SLC25A46	lscc	-1.0	1
SLC25A5	lscc	1.0	1
SLC27A1	lscc	-1.0	1
SLC29A3	lscc		1
SLC2A6	lscc	-1.0	1
SLC39A10	lscc	1.0	1
SLC39A6	lscc	1.0	1
SLC39A8	lscc	-1.0	1
SLC3A2	lscc	1.0	1
SLC43A2	lscc	-1.0	1
SLC43A3	lscc	-1.0	1
SLC4A1AP	lscc	1.0	1
SLC5A6	lscc	1.0	1
SLC7A1	lscc	1.0	1
SLC7A11	lscc	1.0	1
SLC7A5	lscc	1.0	1
SLC7A7	lscc	-1.0	1
SLC8A1	lscc	-1.0	1
SLCO2A1	lscc	-1.0	1
SLCO2B1	lscc		1
SLIRP	lscc	1.0	1
SLTM	lscc	1.0	1
SLU7	lscc	1.0	1
SMAD5	lscc	1.0	1
SMAP2	lscc		1
SMARCA5	lscc	1.0	1
SMARCB1	lscc	1.0	1
SMARCC1	lscc	1.0	1
SMARCD1	lscc	1.0	1
SMARCD2	lscc	1.0	1
SMC1A	lscc	1.0	1
SMC2	lscc	1.0	1
SMC3	lscc	1.0	1
SMC4	lscc	1.0	1
SMC5	lscc	1.0	1
SMCO3	lscc	-1.0	1
SMG5	lscc	1.0	1
SMG7	lscc	1.0	1
SMG8	lscc	1.0	1
SMNDC1	lscc	1.0	1
SMPD2	lscc	-1.0	1
SMPD4	lscc	1.0	1
SMS	lscc	1.0	1
SMU1	lscc	1.0	1
SMYD5	lscc	1.0	1
SNAP25	lscc		1
SNAP47	lscc	1.0	1
SND1	lscc	-1.0	1
SNRK	lscc	-1.0	1
SNRNP200	lscc	1.0	1
SNRNP27	lscc	1.0	1
SNRNP35	lscc	1.0	1
SNRNP40	lscc	1.0	1
SNRNP48	lscc		1
SNRNP70	lscc	1.0	1
SNRPA	lscc	1.0	1
SNRPA1	lscc	1.0	1
SNRPB2	lscc	1.0	1
SNRPC	lscc	1.0	1
SNRPD1	lscc	1.0	1
SNRPD2	lscc	1.0	1
SNRPD3	lscc	1.0	1
SNRPE	lscc	1.0	1
SNRPF	lscc	1.0	1
SNRPG	lscc	1.0	1
SNTB1	lscc	-1.0	1
SNUPN	lscc	1.0	1
SNW1	lscc	1.0	1
SNX1	lscc	-1.0	1
SNX17	lscc	-1.0	1
SNX2	lscc	-1.0	1
SNX20	lscc		1
SNX29	lscc	-1.0	1
SNX3	lscc	-1.0	1
SNX30	lscc	-1.0	1
SNX5	lscc	-1.0	1
SNX6	lscc		1
SOD2	lscc	-1.0	1
SOWAHD	lscc		1
SOX13	lscc	1.0	1
SOX15	lscc		1
SOX2	lscc	1.0	1
SP1	lscc	1.0	1
SP140L	lscc	-1.0	1
SP3	lscc	1.0	1
SPAST	lscc	1.0	1
SPATA2L	lscc	-1.0	1
SPATA6	lscc	-1.0	1
SPC24	lscc	1.0	1
SPC25	lscc	1.0	1
SPCS1	lscc	-1.0	1
SPCS2	lscc	-1.0	1
SPCS3	lscc	-1.0	1
SPDL1	lscc	1.0	1
SPECC1	lscc	-1.0	1
SPG11	lscc	-1.0	1
SPG7	lscc	1.0	1
SPHK2	lscc		1
SPI1	lscc	-1.0	1
SPINDOC	lscc	1.0	1
SPINT2	lscc	1.0	1
SPN	lscc	-1.0	1
SPOCK2	lscc		1
SPON1	lscc	-1.0	1
SPR	lscc	1.0	1
SPRTN	lscc	1.0	1
SPRYD4	lscc	1.0	1
SPTBN2	lscc	1.0	1
SPTLC3	lscc	-1.0	1
SQOR	lscc	-1.0	1
SREK1	lscc	1.0	1
SRFBP1	lscc	1.0	1
SRGAP3	lscc	1.0	1
SRGN	lscc		1
SRM	lscc	-1.0	1
SRP54	lscc	-1.0	1
SRP68	lscc	-1.0	1
SRP9	lscc	1.0	1
SRPK1	lscc	1.0	1
SRR	lscc		1
SRRM1	lscc	1.0	1
SRRT	lscc	1.0	1
SRSF11	lscc	1.0	1
SRSF2	lscc	1.0	1
SRSF3	lscc	1.0	1
SRSF5	lscc	1.0	1
SRSF7	lscc	1.0	1
SRSF9	lscc	1.0	1
SRXN1	lscc	1.0	1
SSB	lscc	1.0	1
SSBP1	lscc	1.0	1
SSH1	lscc	-1.0	1
SSR4	lscc	-1.0	1
SSRP1	lscc	1.0	1
SSU72	lscc	1.0	1
ST13	lscc	1.0	1
ST6GAL1	lscc	-1.0	1
ST7	lscc	-1.0	1
STAB1	lscc	-1.0	1
STAMBP	lscc	1.0	1
STAMBPL1	lscc	-1.0	1
STAP1	lscc		1
STARD13	lscc	-1.0	1
STAT4	lscc	-1.0	1
STAT5A	lscc	-1.0	1
STAT5B	lscc	-1.0	1
STAT6	lscc	-1.0	1
STAU2	lscc	1.0	1
STBD1	lscc	-1.0	1
STC2	lscc		1
STEAP4	lscc	-1.0	1
STK10	lscc	-1.0	1
STK17A	lscc		1
STK17B	lscc	-1.0	1
STMN1	lscc	1.0	1
STOM	lscc	-1.0	1
STOML2	lscc	1.0	1
STRADA	lscc	-1.0	1
STRAP	lscc	1.0	1
STRBP	lscc	1.0	1
STRIP1	lscc	-1.0	1
STT3A	lscc	-1.0	1
STT3B	lscc	-1.0	1
STX11	lscc	-1.0	1
STX12	lscc	-1.0	1
STX18	lscc	-1.0	1
STX2	lscc	-1.0	1
STX6	lscc	1.0	1
STX7	lscc	-1.0	1
STXBP5	lscc	-1.0	1
SUDS3	lscc	1.0	1
SULT1A1	lscc	-1.0	1
SULT1A2	lscc		1
SULT1B1	lscc	-1.0	1
SULT1C2	lscc	-1.0	1
SUMF2	lscc	-1.0	1
SUMO2	lscc	1.0	1
SUPT16H	lscc	1.0	1
SUPT4H1	lscc	1.0	1
SUPT5H	lscc	1.0	1
SUPT6H	lscc	1.0	1
SUPT7L	lscc		1
SUPV3L1	lscc	1.0	1
SURF4	lscc	-1.0	1
SURF6	lscc	1.0	1
SUZ12	lscc	1.0	1
SYNC	lscc	-1.0	1
SYNJ1	lscc	-1.0	1
SYTL3	lscc	-1.0	1
SYTL4	lscc	-1.0	1
SZT2	lscc		1
TACO1	lscc	1.0	1
TADA1	lscc	1.0	1
TADA3	lscc	1.0	1
TAF1	lscc	1.0	1
TAF12	lscc	1.0	1
TAF1B	lscc		1
TAF2	lscc	1.0	1
TAF5	lscc	1.0	1
TAF5L	lscc	1.0	1
TAF6	lscc	1.0	1
TAF6L	lscc	1.0	1
TAF7	lscc	1.0	1
TAF9B	lscc	1.0	1
TAGAP	lscc	-1.0	1
TANGO2	lscc	-1.0	1
TAOK3	lscc	-1.0	1
TAP1	lscc	-1.0	1
TAP2	lscc	-1.0	1
TAPBP	lscc	-1.0	1
TAPBPL	lscc	-1.0	1
TARBP1	lscc	1.0	1
TARDBP	lscc	1.0	1
TARS2	lscc	1.0	1
TBC1D1	lscc	-1.0	1
TBC1D10C	lscc	-1.0	1
TBC1D17	lscc	-1.0	1
TBC1D25	lscc		1
TBC1D2B	lscc	-1.0	1
TBC1D9	lscc	-1.0	1
TBC1D9B	lscc	-1.0	1
TBCB	lscc	1.0	1
TBCC	lscc	1.0	1
TBCD	lscc	1.0	1
TBCEL	lscc	-1.0	1
TBL1XR1	lscc	1.0	1
TBL3	lscc	1.0	1
TBP	lscc	1.0	1
TBPL1	lscc	1.0	1
TBRG4	lscc	1.0	1
TBXAS1	lscc	-1.0	1
TCEA2	lscc	1.0	1
TCEA3	lscc	1.0	1
TCEAL3	lscc	-1.0	1
TCERG1	lscc	1.0	1
TCF20	lscc	1.0	1
TCF7L2	lscc	1.0	1
TCIM	lscc	-1.0	1
TCIRG1	lscc	-1.0	1
TCL1A	lscc	-1.0	1
TCP1	lscc	1.0	1
TCP11L1	lscc	-1.0	1
TDG	lscc	1.0	1
TDP2	lscc	1.0	1
TEAD3	lscc	1.0	1
TECPR1	lscc	-1.0	1
TEFM	lscc	1.0	1
TENT5C	lscc	-1.0	1
TEP1	lscc	-1.0	1
TESC	lscc	-1.0	1
TEX10	lscc	1.0	1
TEX30	lscc	1.0	1
TFAM	lscc	1.0	1
TFAP2C	lscc	1.0	1
TFAP4	lscc	1.0	1
TFB1M	lscc	1.0	1
TFB2M	lscc	1.0	1
TFDP1	lscc	1.0	1
TFDP2	lscc		1
TFEB	lscc	-1.0	1
TFIP11	lscc	1.0	1
TFPI2	lscc	-1.0	1
TFRC	lscc	1.0	1
TGFBR2	lscc	-1.0	1
TGM2	lscc	-1.0	1
THADA	lscc	1.0	1
THEMIS	lscc		1
THEMIS2	lscc	-1.0	1
THOC1	lscc	1.0	1
THOC2	lscc	1.0	1
THOC3	lscc	1.0	1
THOC5	lscc	1.0	1
THOC6	lscc	1.0	1
THOC7	lscc	1.0	1
THRAP3	lscc	1.0	1
THUMPD2	lscc		1
THY1	lscc	-1.0	1
TIFA	lscc		1
TIMELESS	lscc	1.0	1
TIMM13	lscc	1.0	1
TIMM17B	lscc	1.0	1
TIMM23	lscc	1.0	1
TIMM50	lscc	1.0	1
TIMM8B	lscc	1.0	1
TIPIN	lscc	1.0	1
TK1	lscc	1.0	1
TK2	lscc	-1.0	1
TLK1	lscc	1.0	1
TLK2	lscc	1.0	1
TLN1	lscc	-1.0	1
TLR1	lscc	-1.0	1
TLR2	lscc	-1.0	1
TLR7	lscc	-1.0	1
TLR8	lscc	-1.0	1
TM2D3	lscc	1.0	1
TM6SF1	lscc	-1.0	1
TMA16	lscc	1.0	1
TMC6	lscc	-1.0	1
TMCO6	lscc	1.0	1
TMED1	lscc	-1.0	1
TMED5	lscc	-1.0	1
TMED8	lscc	-1.0	1
TMED9	lscc	-1.0	1
TMEM119	lscc	-1.0	1
TMEM120B	lscc		1
TMEM126B	lscc	1.0	1
TMEM128	lscc	-1.0	1
TMEM132C	lscc	-1.0	1
TMEM135	lscc	-1.0	1
TMEM143	lscc	1.0	1
TMEM147	lscc	-1.0	1
TMEM167A	lscc	-1.0	1
TMEM17	lscc		1
TMEM175	lscc		1
TMEM176B	lscc	-1.0	1
TMEM177	lscc	1.0	1
TMEM185B	lscc	1.0	1
TMEM19	lscc	-1.0	1
TMEM205	lscc	-1.0	1
TMEM209	lscc	1.0	1
TMEM222	lscc	-1.0	1
TMEM223	lscc	1.0	1
TMEM258	lscc	-1.0	1
TMEM30A	lscc	-1.0	1
TMEM41B	lscc	-1.0	1
TMEM45A	lscc		1
TMEM86A	lscc	-1.0	1
TMEM9	lscc	1.0	1
TMEM94	lscc		1
TMEM9B	lscc	-1.0	1
TMF1	lscc	-1.0	1
TMOD3	lscc	-1.0	1
TMPPE	lscc	-1.0	1
TMSB4X	lscc	-1.0	1
TMX3	lscc	-1.0	1
TNFAIP3	lscc	-1.0	1
TNFAIP8L2	lscc	-1.0	1
TNFRSF14	lscc		1
TNFRSF17	lscc	-1.0	1
TNFRSF1B	lscc	-1.0	1
TNIP2	lscc	-1.0	1
TNPO3	lscc	1.0	1
TNS2	lscc	-1.0	1
TNS3	lscc	-1.0	1
TOGARAM1	lscc	-1.0	1
TOM1	lscc	-1.0	1
TOM1L2	lscc	-1.0	1
TOMM20	lscc	1.0	1
TOMM22	lscc	1.0	1
TOMM34	lscc	1.0	1
TOMM5	lscc	1.0	1
TOMM70	lscc	1.0	1
TONSL	lscc	1.0	1
TOP2A	lscc	1.0	1
TOP3B	lscc	1.0	1
TOPBP1	lscc		1
TOR4A	lscc	-1.0	1
TOX4	lscc	1.0	1
TP53BP2	lscc	1.0	1
TPCN1	lscc		1
TPD52L1	lscc	1.0	1
TPK1	lscc	-1.0	1
TPP1	lscc	-1.0	1
TPPP	lscc	-1.0	1
TPR	lscc	1.0	1
TPSAB1	lscc	-1.0	1
TPX2	lscc	1.0	1
TRA2B	lscc	1.0	1
TRAC	lscc		1
TRAF1	lscc	-1.0	1
TRAM1	lscc	-1.0	1
TRANK1	lscc	-1.0	1
TRAP1	lscc	1.0	1
TRAPPC10	lscc	-1.0	1
TRAPPC5	lscc	-1.0	1
TRAPPC9	lscc	-1.0	1
TRAT1	lscc	-1.0	1
TREM1	lscc		1
TRIM11	lscc	1.0	1
TRIM14	lscc	-1.0	1
TRIM21	lscc	-1.0	1
TRIM24	lscc	1.0	1
TRIM27	lscc	1.0	1
TRIM28	lscc	1.0	1
TRIM4	lscc	-1.0	1
TRIM47	lscc	-1.0	1
TRIP10	lscc	-1.0	1
TRIT1	lscc	1.0	1
TRMT10A	lscc	1.0	1
TRMT10C	lscc	1.0	1
TRMT112	lscc	1.0	1
TRMT1L	lscc	1.0	1
TRMT2A	lscc	1.0	1
TRMT5	lscc	1.0	1
TRMT6	lscc	1.0	1
TRMT61B	lscc	1.0	1
TRNAU1AP	lscc		1
TRPV2	lscc	-1.0	1
TRUB1	lscc	1.0	1
TRUB2	lscc	1.0	1
TSEN2	lscc	1.0	1
TSEN34	lscc	1.0	1
TSEN54	lscc		1
TSFM	lscc	1.0	1
TSN	lscc	1.0	1
TSNAX	lscc	1.0	1
TSPAN31	lscc	-1.0	1
TSPAN4	lscc	-1.0	1
TSPAN8	lscc	-1.0	1
TSPAN9	lscc	-1.0	1
TSR1	lscc	1.0	1
TTC14	lscc		1
TTC27	lscc	1.0	1
TTC4	lscc	1.0	1
TTC5	lscc	1.0	1
TTK	lscc	1.0	1
TTLL12	lscc	1.0	1
TUBA1C	lscc	1.0	1
TUBA4A	lscc	-1.0	1
TUFM	lscc	1.0	1
TWF2	lscc	-1.0	1
TWNK	lscc	1.0	1
TXNDC11	lscc	-1.0	1
TXNDC5	lscc	-1.0	1
TXNL4B	lscc	1.0	1
TXNRD1	lscc	1.0	1
TXNRD3	lscc	1.0	1
TYK2	lscc	-1.0	1
TYMP	lscc	-1.0	1
U2AF2	lscc	1.0	1
UBA2	lscc	1.0	1
UBA7	lscc	-1.0	1
UBASH3A	lscc	-1.0	1
UBE2A	lscc	1.0	1
UBE2G2	lscc	1.0	1
UBE2J1	lscc	-1.0	1
UBE2M	lscc	1.0	1
UBE2O	lscc	1.0	1
UBE2Q1	lscc	1.0	1
UBE2S	lscc	1.0	1
UBE2T	lscc	1.0	1
UBE4B	lscc	1.0	1
UBL7	lscc	1.0	1
UBN2	lscc	1.0	1
UBQLN4	lscc	1.0	1
UBR5	lscc	1.0	1
UBXN7	lscc	1.0	1
UCHL1	lscc	1.0	1
UCK2	lscc	1.0	1
UFM1	lscc	-1.0	1
UFSP2	lscc	-1.0	1
UGCG	lscc	-1.0	1
UGGT1	lscc	-1.0	1
UGT1A6	lscc		1
UHRF1	lscc	1.0	1
UMAD1	lscc		1
UMPS	lscc	1.0	1
UNC119B	lscc	1.0	1
UNC13D	lscc	-1.0	1
UNC93B1	lscc	-1.0	1
UPF3B	lscc	1.0	1
UPP1	lscc	-1.0	1
UQCC1	lscc	1.0	1
UQCC2	lscc	1.0	1
UQCC3	lscc	1.0	1
URB1	lscc	1.0	1
URB2	lscc	1.0	1
USHBP1	lscc		1
USP1	lscc		1
USP10	lscc	1.0	1
USP13	lscc	1.0	1
USP30	lscc	1.0	1
USP34	lscc	1.0	1
USP36	lscc	1.0	1
USP39	lscc	1.0	1
USP4	lscc	-1.0	1
UTP11	lscc	1.0	1
UTP14A	lscc	1.0	1
UTP15	lscc	1.0	1
UTP18	lscc	1.0	1
UTP20	lscc	1.0	1
UTP23	lscc	1.0	1
UTP25	lscc	1.0	1
UTP3	lscc	1.0	1
UTP4	lscc	1.0	1
UTP6	lscc	1.0	1
UVRAG	lscc	-1.0	1
VAMP5	lscc	-1.0	1
VAPB	lscc	1.0	1
VARS2	lscc	1.0	1
VASH1	lscc	-1.0	1
VASP	lscc	-1.0	1
VAT1	lscc	-1.0	1
VAV1	lscc	-1.0	1
VAV2	lscc	-1.0	1
VAV3	lscc	-1.0	1
VDR	lscc	-1.0	1
VEZF1	lscc	1.0	1
VIM	lscc	-1.0	1
VIRMA	lscc	1.0	1
VNN1	lscc	-1.0	1
VPS11	lscc	-1.0	1
VPS13C	lscc	-1.0	1
VPS13D	lscc	-1.0	1
VPS16	lscc	-1.0	1
VPS18	lscc	-1.0	1
VPS26B	lscc	-1.0	1
VPS35L	lscc	-1.0	1
VPS41	lscc	-1.0	1
VPS72	lscc	1.0	1
VSIG4	lscc	-1.0	1
VSIR	lscc	-1.0	1
VTA1	lscc	1.0	1
VWA5A	lscc	-1.0	1
VWF	lscc	-1.0	1
WAPL	lscc	1.0	1
WAS	lscc	-1.0	1
WASF1	lscc	1.0	1
WASF2	lscc	-1.0	1
WASHC1	lscc	-1.0	1
WASHC2C	lscc	-1.0	1
WASHC3	lscc	-1.0	1
WASHC4	lscc	-1.0	1
WASHC5	lscc	-1.0	1
WBP11	lscc	1.0	1
WBP4	lscc	1.0	1
WDCP	lscc	1.0	1
WDFY1	lscc	-1.0	1
WDFY3	lscc	-1.0	1
WDFY4	lscc	-1.0	1
WDHD1	lscc	1.0	1
WDR1	lscc	-1.0	1
WDR11	lscc	1.0	1
WDR12	lscc	1.0	1
WDR18	lscc	1.0	1
WDR24	lscc	-1.0	1
WDR26	lscc	1.0	1
WDR33	lscc	1.0	1
WDR36	lscc	1.0	1
WDR43	lscc	1.0	1
WDR45B	lscc	1.0	1
WDR46	lscc	1.0	1
WDR5	lscc	1.0	1
WDR55	lscc	1.0	1
WDR60	lscc	-1.0	1
WDR7	lscc	-1.0	1
WDR70	lscc	1.0	1
WDR74	lscc	1.0	1
WDR75	lscc	1.0	1
WDR77	lscc	1.0	1
WDR81	lscc	-1.0	1
WDR82	lscc	1.0	1
WDR91	lscc	-1.0	1
WDR92	lscc	1.0	1
WEE1	lscc		1
WHAMM	lscc	-1.0	1
WIPF1	lscc	-1.0	1
WNT11	lscc	1.0	1
WRNIP1	lscc	1.0	1
WTAP	lscc	1.0	1
XAB2	lscc	1.0	1
XDH	lscc	-1.0	1
XPO1	lscc	1.0	1
XPO5	lscc	1.0	1
XPOT	lscc	1.0	1
XPR1	lscc	1.0	1
XRCC1	lscc	1.0	1
XRCC5	lscc	1.0	1
XRCC6	lscc	1.0	1
XRN2	lscc	1.0	1
XYLB	lscc	1.0	1
YARS2	lscc	1.0	1
YBX1	lscc	1.0	1
YEATS2	lscc		1
YEATS4	lscc	1.0	1
YES1	lscc	1.0	1
YIPF5	lscc	-1.0	1
YME1L1	lscc	1.0	1
YPEL5	lscc	1.0	1
YTHDF1	lscc	1.0	1
YTHDF2	lscc	1.0	1
YWHAQ	lscc	1.0	1
YY1	lscc	1.0	1
YY1AP1	lscc		1
ZAP70	lscc	-1.0	1
ZBED8	lscc	1.0	1
ZBP1	lscc	-1.0	1
ZBTB20	lscc		1
ZBTB33	lscc	1.0	1
ZBTB4	lscc	-1.0	1
ZBTB41	lscc		1
ZBTB7B	lscc	1.0	1
ZC3H12A	lscc		1
ZC3H12D	lscc	-1.0	1
ZC3H15	lscc	1.0	1
ZC3H18	lscc	1.0	1
ZC3H3	lscc	-1.0	1
ZC3H4	lscc	1.0	1
ZC3H8	lscc	1.0	1
ZC3HAV1L	lscc	1.0	1
ZCCHC17	lscc	1.0	1
ZCCHC24	lscc	-1.0	1
ZCCHC8	lscc	1.0	1
ZCRB1	lscc	1.0	1
ZEB1	lscc	-1.0	1
ZEB2	lscc	-1.0	1
ZFAND3	lscc	1.0	1
ZFC3H1	lscc	1.0	1
ZFHX3	lscc	1.0	1
ZFP91	lscc	1.0	1
ZFR	lscc	1.0	1
ZFYVE16	lscc	-1.0	1
ZFYVE26	lscc	-1.0	1
ZGPAT	lscc	1.0	1
ZKSCAN1	lscc	1.0	1
ZKSCAN8	lscc		1
ZMAT2	lscc	1.0	1
ZMYM1	lscc	1.0	1
ZMYM2	lscc	1.0	1
ZMYM4	lscc	1.0	1
ZNF106	lscc	1.0	1
ZNF131	lscc	1.0	1
ZNF134	lscc	1.0	1
ZNF146	lscc	1.0	1
ZNF148	lscc	1.0	1
ZNF217	lscc	1.0	1
ZNF219	lscc	1.0	1
ZNF264	lscc		1
ZNF276	lscc		1
ZNF277	lscc	1.0	1
ZNF280C	lscc	1.0	1
ZNF281	lscc	1.0	1
ZNF292	lscc	1.0	1
ZNF3	lscc	1.0	1
ZNF318	lscc	1.0	1
ZNF326	lscc	1.0	1
ZNF346	lscc	1.0	1
ZNF384	lscc	1.0	1
ZNF385B	lscc	-1.0	1
ZNF391	lscc	1.0	1
ZNF460	lscc	1.0	1
ZNF462	lscc	1.0	1
ZNF48	lscc	1.0	1
ZNF511	lscc	1.0	1
ZNF513	lscc	1.0	1
ZNF574	lscc	1.0	1
ZNF579	lscc	1.0	1
ZNF581	lscc		1
ZNF622	lscc	1.0	1
ZNF629	lscc	1.0	1
ZNF639	lscc	1.0	1
ZNF641	lscc	1.0	1
ZNF644	lscc	1.0	1
ZNF646	lscc	1.0	1
ZNF652	lscc		1
ZNF664	lscc	1.0	1
ZNF687	lscc	1.0	1
ZNF710	lscc	-1.0	1
ZNF746	lscc	1.0	1
ZNF768	lscc	1.0	1
ZNF771	lscc		1
ZNF830	lscc	1.0	1
ZNHIT3	lscc	1.0	1
ZNHIT6	lscc	1.0	1
ZNRD1	lscc	1.0	1
ZWILCH	lscc	1.0	1
ZWINT	lscc	1.0	1
ZXDC	lscc	1.0	1
ZYX	lscc	-1.0	1
ZZEF1	lscc	-1.0	1
AASS	luad	-1.0	1
AHDC1	luad	1.0	1
ATP9A	luad	1.0	1
DHCR24	luad	1.0	1
EGFR	luad	1.0	1
ELMO1	luad	-1.0	1
ELOC	luad	1.0	1
JPT2	luad	1.0	1
KLC3	luad	1.0	1
KPNA6	luad	1.0	1
LMTK2	luad	1.0	1
LYPLA2	luad	1.0	1
LZIC	luad	1.0	1
MTOR	luad	1.0	1
NCOA2	luad	1.0	1
NUP50	luad	-1.0	1
PITPNM2	luad	-1.0	1
RARA	luad		1
RASGRP2	luad	-1.0	1
STK3	luad	1.0	1
TXNDC17	luad	1.0	1
ZYG11B	luad	1.0	1
